"filename", "language", "Markdown", "alapp", "AL", "HTTP", "JSON", "XML", "Batch", "comment", "blank", "total"
"c:\Users\jh\OneDrive - Scanpan\Scanpan (7.1.2015)\Development\SCANPAN Internal CodeBase\CombineAllToOneFile.cmd", "Batch", 0, 0, 0, 0, 0, 0, 11, 5, 7, 23
"c:\Users\jh\OneDrive - Scanpan\Scanpan (7.1.2015)\Development\SCANPAN Internal CodeBase\README.md", "Markdown", 1, 0, 0, 0, 0, 0, 0, 0, 2, 3
"c:\Users\jh\OneDrive - Scanpan\Scanpan (7.1.2015)\Development\SCANPAN Internal CodeBase\SCANPAN_SCANPAN CODEBASE Internal Development_1.0.24.4021305.app", "alapp", 0, 5502, 0, 0, 0, 0, 0, 0, 30, 5532
"c:\Users\jh\OneDrive - Scanpan\Scanpan (7.1.2015)\Development\SCANPAN Internal CodeBase\SCANPAN_SCANPAN CODEBASE Internal Development_1.0.24.4031415.app", "alapp", 0, 5500, 0, 0, 0, 0, 0, 0, 33, 5533
"c:\Users\jh\OneDrive - Scanpan\Scanpan (7.1.2015)\Development\SCANPAN Internal CodeBase\SCANPAN_SCANPAN CODEBASE Internal Development_1.0.24.4040915.app", "alapp", 0, 5477, 0, 0, 0, 0, 0, 0, 25, 5502
"c:\Users\jh\OneDrive - Scanpan\Scanpan (7.1.2015)\Development\SCANPAN Internal CodeBase\SCANPAN_SCANPAN CODEBASE Internal Development_1.0.24.4101142.app", "alapp", 0, 5433, 0, 0, 0, 0, 0, 0, 28, 5461
"c:\Users\jh\OneDrive - Scanpan\Scanpan (7.1.2015)\Development\SCANPAN Internal CodeBase\SCANPAN_SCANPAN CODEBASE Internal Development_1.0.24.4261306.app", "alapp", 0, 5478, 0, 0, 0, 0, 0, 0, 32, 5510
"c:\Users\jh\OneDrive - Scanpan\Scanpan (7.1.2015)\Development\SCANPAN Internal CodeBase\SCANPAN_SCANPAN CODEBASE Internal Development_1.0.24.5131010.app", "alapp", 0, 5532, 0, 0, 0, 0, 0, 0, 32, 5564
"c:\Users\jh\OneDrive - Scanpan\Scanpan (7.1.2015)\Development\SCANPAN Internal CodeBase\SCANPAN_SCANPAN CODEBASE Internal Development_1.0.24.5291159.app", "alapp", 0, 5507, 0, 0, 0, 0, 0, 0, 32, 5539
"c:\Users\jh\OneDrive - Scanpan\Scanpan (7.1.2015)\Development\SCANPAN Internal CodeBase\SCANPAN_SCANPAN CODEBASE Internal Development_1.0.24.5291202.app", "alapp", 0, 5518, 0, 0, 0, 0, 0, 0, 33, 5551
"c:\Users\jh\OneDrive - Scanpan\Scanpan (7.1.2015)\Development\SCANPAN Internal CodeBase\SCANPAN_SCANPAN CODEBASE Internal Development_1.0.24.5291218.app", "alapp", 0, 5635, 0, 0, 0, 0, 0, 0, 30, 5665
"c:\Users\jh\OneDrive - Scanpan\Scanpan (7.1.2015)\Development\SCANPAN Internal CodeBase\SCANPAN_SCANPAN CODEBASE Internal Development_1.0.24.6061019.app", "alapp", 0, 5548, 0, 0, 0, 0, 0, 0, 30, 5578
"c:\Users\jh\OneDrive - Scanpan\Scanpan (7.1.2015)\Development\SCANPAN Internal CodeBase\SCANPAN_SCANPAN CODEBASE Internal Development_1.0.24.6121520.app", "alapp", 0, 5524, 0, 0, 0, 0, 0, 0, 28, 5552
"c:\Users\jh\OneDrive - Scanpan\Scanpan (7.1.2015)\Development\SCANPAN Internal CodeBase\SCANPAN_SCANPAN CODEBASE Internal Development_1.0.24.6171221.app", "alapp", 0, 5788, 0, 0, 0, 0, 0, 0, 44, 5832
"c:\Users\jh\OneDrive - Scanpan\Scanpan (7.1.2015)\Development\SCANPAN Internal CodeBase\SCANPAN_SCANPAN CODEBASE Internal Development_1.0.24.7091450.app", "alapp", 0, 5783, 0, 0, 0, 0, 0, 0, 43, 5826
"c:\Users\jh\OneDrive - Scanpan\Scanpan (7.1.2015)\Development\SCANPAN Internal CodeBase\SCANPAN_SCANPAN CODEBASE Internal Development_1.0.24.7111148.app", "alapp", 0, 5829, 0, 0, 0, 0, 0, 0, 43, 5872
"c:\Users\jh\OneDrive - Scanpan\Scanpan (7.1.2015)\Development\SCANPAN Internal CodeBase\SCANPAN_SCANPAN CODEBASE Internal Development_1.0.24.7120944.app", "alapp", 0, 5836, 0, 0, 0, 0, 0, 0, 37, 5873
"c:\Users\jh\OneDrive - Scanpan\Scanpan (7.1.2015)\Development\SCANPAN Internal CodeBase\app - Kopi.json", "JSON", 0, 0, 0, 0, 119, 0, 0, 0, 2, 121
"c:\Users\jh\OneDrive - Scanpan\Scanpan (7.1.2015)\Development\SCANPAN Internal CodeBase\app 2024.05.29.json", "JSON", 0, 0, 0, 0, 119, 0, 0, 0, 0, 119
"c:\Users\jh\OneDrive - Scanpan\Scanpan (7.1.2015)\Development\SCANPAN Internal CodeBase\app.json", "JSON", 0, 0, 0, 0, 104, 0, 0, 0, 0, 104
"c:\Users\jh\OneDrive - Scanpan\Scanpan (7.1.2015)\Development\SCANPAN Internal CodeBase\docs\info.json", "JSON", 0, 0, 0, 0, 10, 0, 0, 0, 0, 10
"c:\Users\jh\OneDrive - Scanpan\Scanpan (7.1.2015)\Development\SCANPAN Internal CodeBase\old_app_codebase\SCANPAN_SCANPAN CODEBASE Internal Development_1.0.0.0.app", "alapp", 0, 1520, 0, 0, 0, 0, 0, 0, 4, 1524
"c:\Users\jh\OneDrive - Scanpan\Scanpan (7.1.2015)\Development\SCANPAN Internal CodeBase\old_app_codebase\SCANPAN_SCANPAN CODEBASE Internal Development_1.0.0.1.app", "alapp", 0, 1524, 0, 0, 0, 0, 0, 0, 4, 1528
"c:\Users\jh\OneDrive - Scanpan\Scanpan (7.1.2015)\Development\SCANPAN Internal CodeBase\old_app_codebase\SCANPAN_SCANPAN CODEBASE Internal Development_1.0.0.10.app", "alapp", 0, 1882, 0, 0, 0, 0, 0, 0, 6, 1888
"c:\Users\jh\OneDrive - Scanpan\Scanpan (7.1.2015)\Development\SCANPAN Internal CodeBase\old_app_codebase\SCANPAN_SCANPAN CODEBASE Internal Development_1.0.0.11.app", "alapp", 0, 1865, 0, 0, 0, 0, 0, 0, 10, 1875
"c:\Users\jh\OneDrive - Scanpan\Scanpan (7.1.2015)\Development\SCANPAN Internal CodeBase\old_app_codebase\SCANPAN_SCANPAN CODEBASE Internal Development_1.0.0.12.app", "alapp", 0, 1857, 0, 0, 0, 0, 0, 0, 10, 1867
"c:\Users\jh\OneDrive - Scanpan\Scanpan (7.1.2015)\Development\SCANPAN Internal CodeBase\old_app_codebase\SCANPAN_SCANPAN CODEBASE Internal Development_1.0.0.14.app", "alapp", 0, 1865, 0, 0, 0, 0, 0, 0, 10, 1875
"c:\Users\jh\OneDrive - Scanpan\Scanpan (7.1.2015)\Development\SCANPAN Internal CodeBase\old_app_codebase\SCANPAN_SCANPAN CODEBASE Internal Development_1.0.0.15.app", "alapp", 0, 1835, 0, 0, 0, 0, 0, 0, 10, 1845
"c:\Users\jh\OneDrive - Scanpan\Scanpan (7.1.2015)\Development\SCANPAN Internal CodeBase\old_app_codebase\SCANPAN_SCANPAN CODEBASE Internal Development_1.0.0.16.app", "alapp", 0, 1836, 0, 0, 0, 0, 0, 0, 9, 1845
"c:\Users\jh\OneDrive - Scanpan\Scanpan (7.1.2015)\Development\SCANPAN Internal CodeBase\old_app_codebase\SCANPAN_SCANPAN CODEBASE Internal Development_1.0.0.17.app", "alapp", 0, 1817, 0, 0, 0, 0, 0, 0, 8, 1825
"c:\Users\jh\OneDrive - Scanpan\Scanpan (7.1.2015)\Development\SCANPAN Internal CodeBase\old_app_codebase\SCANPAN_SCANPAN CODEBASE Internal Development_1.0.0.18.app", "alapp", 0, 1776, 0, 0, 0, 0, 0, 0, 8, 1784
"c:\Users\jh\OneDrive - Scanpan\Scanpan (7.1.2015)\Development\SCANPAN Internal CodeBase\old_app_codebase\SCANPAN_SCANPAN CODEBASE Internal Development_1.0.0.19.app", "alapp", 0, 1809, 0, 0, 0, 0, 0, 0, 7, 1816
"c:\Users\jh\OneDrive - Scanpan\Scanpan (7.1.2015)\Development\SCANPAN Internal CodeBase\old_app_codebase\SCANPAN_SCANPAN CODEBASE Internal Development_1.0.0.2.app", "alapp", 0, 1667, 0, 0, 0, 0, 0, 0, 7, 1674
"c:\Users\jh\OneDrive - Scanpan\Scanpan (7.1.2015)\Development\SCANPAN Internal CodeBase\old_app_codebase\SCANPAN_SCANPAN CODEBASE Internal Development_1.0.0.20.app", "alapp", 0, 1799, 0, 0, 0, 0, 0, 0, 9, 1808
"c:\Users\jh\OneDrive - Scanpan\Scanpan (7.1.2015)\Development\SCANPAN Internal CodeBase\old_app_codebase\SCANPAN_SCANPAN CODEBASE Internal Development_1.0.0.21.app", "alapp", 0, 1789, 0, 0, 0, 0, 0, 0, 10, 1799
"c:\Users\jh\OneDrive - Scanpan\Scanpan (7.1.2015)\Development\SCANPAN Internal CodeBase\old_app_codebase\SCANPAN_SCANPAN CODEBASE Internal Development_1.0.0.22.app", "alapp", 0, 1803, 0, 0, 0, 0, 0, 0, 12, 1815
"c:\Users\jh\OneDrive - Scanpan\Scanpan (7.1.2015)\Development\SCANPAN Internal CodeBase\old_app_codebase\SCANPAN_SCANPAN CODEBASE Internal Development_1.0.0.23.app", "alapp", 0, 1877, 0, 0, 0, 0, 0, 0, 8, 1885
"c:\Users\jh\OneDrive - Scanpan\Scanpan (7.1.2015)\Development\SCANPAN Internal CodeBase\old_app_codebase\SCANPAN_SCANPAN CODEBASE Internal Development_1.0.0.24.app", "alapp", 0, 1827, 0, 0, 0, 0, 0, 0, 9, 1836
"c:\Users\jh\OneDrive - Scanpan\Scanpan (7.1.2015)\Development\SCANPAN Internal CodeBase\old_app_codebase\SCANPAN_SCANPAN CODEBASE Internal Development_1.0.0.25.app", "alapp", 0, 2017, 0, 0, 0, 0, 0, 0, 10, 2027
"c:\Users\jh\OneDrive - Scanpan\Scanpan (7.1.2015)\Development\SCANPAN Internal CodeBase\old_app_codebase\SCANPAN_SCANPAN CODEBASE Internal Development_1.0.0.26.app", "alapp", 0, 2057, 0, 0, 0, 0, 0, 0, 7, 2064
"c:\Users\jh\OneDrive - Scanpan\Scanpan (7.1.2015)\Development\SCANPAN Internal CodeBase\old_app_codebase\SCANPAN_SCANPAN CODEBASE Internal Development_1.0.0.27.app", "alapp", 0, 2188, 0, 0, 0, 0, 0, 0, 12, 2200
"c:\Users\jh\OneDrive - Scanpan\Scanpan (7.1.2015)\Development\SCANPAN Internal CodeBase\old_app_codebase\SCANPAN_SCANPAN CODEBASE Internal Development_1.0.0.28.app", "alapp", 0, 2267, 0, 0, 0, 0, 0, 0, 10, 2277
"c:\Users\jh\OneDrive - Scanpan\Scanpan (7.1.2015)\Development\SCANPAN Internal CodeBase\old_app_codebase\SCANPAN_SCANPAN CODEBASE Internal Development_1.0.0.29.app", "alapp", 0, 2280, 0, 0, 0, 0, 0, 0, 9, 2289
"c:\Users\jh\OneDrive - Scanpan\Scanpan (7.1.2015)\Development\SCANPAN Internal CodeBase\old_app_codebase\SCANPAN_SCANPAN CODEBASE Internal Development_1.0.0.3.app", "alapp", 0, 1669, 0, 0, 0, 0, 0, 0, 7, 1676
"c:\Users\jh\OneDrive - Scanpan\Scanpan (7.1.2015)\Development\SCANPAN Internal CodeBase\old_app_codebase\SCANPAN_SCANPAN CODEBASE Internal Development_1.0.0.30.app", "alapp", 0, 2300, 0, 0, 0, 0, 0, 0, 9, 2309
"c:\Users\jh\OneDrive - Scanpan\Scanpan (7.1.2015)\Development\SCANPAN Internal CodeBase\old_app_codebase\SCANPAN_SCANPAN CODEBASE Internal Development_1.0.0.31.app", "alapp", 0, 2302, 0, 0, 0, 0, 0, 0, 8, 2310
"c:\Users\jh\OneDrive - Scanpan\Scanpan (7.1.2015)\Development\SCANPAN Internal CodeBase\old_app_codebase\SCANPAN_SCANPAN CODEBASE Internal Development_1.0.0.32.app", "alapp", 0, 2318, 0, 0, 0, 0, 0, 0, 11, 2329
"c:\Users\jh\OneDrive - Scanpan\Scanpan (7.1.2015)\Development\SCANPAN Internal CodeBase\old_app_codebase\SCANPAN_SCANPAN CODEBASE Internal Development_1.0.0.33.app", "alapp", 0, 2313, 0, 0, 0, 0, 0, 0, 8, 2321
"c:\Users\jh\OneDrive - Scanpan\Scanpan (7.1.2015)\Development\SCANPAN Internal CodeBase\old_app_codebase\SCANPAN_SCANPAN CODEBASE Internal Development_1.0.0.34.app", "alapp", 0, 2378, 0, 0, 0, 0, 0, 0, 13, 2391
"c:\Users\jh\OneDrive - Scanpan\Scanpan (7.1.2015)\Development\SCANPAN Internal CodeBase\old_app_codebase\SCANPAN_SCANPAN CODEBASE Internal Development_1.0.0.35.app", "alapp", 0, 2422, 0, 0, 0, 0, 0, 0, 10, 2432
"c:\Users\jh\OneDrive - Scanpan\Scanpan (7.1.2015)\Development\SCANPAN Internal CodeBase\old_app_codebase\SCANPAN_SCANPAN CODEBASE Internal Development_1.0.0.36.app", "alapp", 0, 2576, 0, 0, 0, 0, 0, 0, 20, 2596
"c:\Users\jh\OneDrive - Scanpan\Scanpan (7.1.2015)\Development\SCANPAN Internal CodeBase\old_app_codebase\SCANPAN_SCANPAN CODEBASE Internal Development_1.0.0.37.app", "alapp", 0, 2613, 0, 0, 0, 0, 0, 0, 16, 2629
"c:\Users\jh\OneDrive - Scanpan\Scanpan (7.1.2015)\Development\SCANPAN Internal CodeBase\old_app_codebase\SCANPAN_SCANPAN CODEBASE Internal Development_1.0.0.38.app", "alapp", 0, 2748, 0, 0, 0, 0, 0, 0, 16, 2764
"c:\Users\jh\OneDrive - Scanpan\Scanpan (7.1.2015)\Development\SCANPAN Internal CodeBase\old_app_codebase\SCANPAN_SCANPAN CODEBASE Internal Development_1.0.0.39.app", "alapp", 0, 2815, 0, 0, 0, 0, 0, 0, 10, 2825
"c:\Users\jh\OneDrive - Scanpan\Scanpan (7.1.2015)\Development\SCANPAN Internal CodeBase\old_app_codebase\SCANPAN_SCANPAN CODEBASE Internal Development_1.0.0.4.app", "alapp", 0, 1675, 0, 0, 0, 0, 0, 0, 8, 1683
"c:\Users\jh\OneDrive - Scanpan\Scanpan (7.1.2015)\Development\SCANPAN Internal CodeBase\old_app_codebase\SCANPAN_SCANPAN CODEBASE Internal Development_1.0.0.40.app", "alapp", 0, 2937, 0, 0, 0, 0, 0, 0, 12, 2949
"c:\Users\jh\OneDrive - Scanpan\Scanpan (7.1.2015)\Development\SCANPAN Internal CodeBase\old_app_codebase\SCANPAN_SCANPAN CODEBASE Internal Development_1.0.0.41.app", "alapp", 0, 3364, 0, 0, 0, 0, 0, 0, 15, 3379
"c:\Users\jh\OneDrive - Scanpan\Scanpan (7.1.2015)\Development\SCANPAN Internal CodeBase\old_app_codebase\SCANPAN_SCANPAN CODEBASE Internal Development_1.0.0.42.app", "alapp", 0, 3281, 0, 0, 0, 0, 0, 0, 14, 3295
"c:\Users\jh\OneDrive - Scanpan\Scanpan (7.1.2015)\Development\SCANPAN Internal CodeBase\old_app_codebase\SCANPAN_SCANPAN CODEBASE Internal Development_1.0.0.43.app", "alapp", 0, 3478, 0, 0, 0, 0, 0, 0, 15, 3493
"c:\Users\jh\OneDrive - Scanpan\Scanpan (7.1.2015)\Development\SCANPAN Internal CodeBase\old_app_codebase\SCANPAN_SCANPAN CODEBASE Internal Development_1.0.0.44.app", "alapp", 0, 3619, 0, 0, 0, 0, 0, 0, 19, 3638
"c:\Users\jh\OneDrive - Scanpan\Scanpan (7.1.2015)\Development\SCANPAN Internal CodeBase\old_app_codebase\SCANPAN_SCANPAN CODEBASE Internal Development_1.0.0.45.app", "alapp", 0, 3798, 0, 0, 0, 0, 0, 0, 17, 3815
"c:\Users\jh\OneDrive - Scanpan\Scanpan (7.1.2015)\Development\SCANPAN Internal CodeBase\old_app_codebase\SCANPAN_SCANPAN CODEBASE Internal Development_1.0.0.46.app", "alapp", 0, 3875, 0, 0, 0, 0, 0, 0, 22, 3897
"c:\Users\jh\OneDrive - Scanpan\Scanpan (7.1.2015)\Development\SCANPAN Internal CodeBase\old_app_codebase\SCANPAN_SCANPAN CODEBASE Internal Development_1.0.0.47.app", "alapp", 0, 4189, 0, 0, 0, 0, 0, 0, 20, 4209
"c:\Users\jh\OneDrive - Scanpan\Scanpan (7.1.2015)\Development\SCANPAN Internal CodeBase\old_app_codebase\SCANPAN_SCANPAN CODEBASE Internal Development_1.0.0.48.app", "alapp", 0, 4148, 0, 0, 0, 0, 0, 0, 22, 4170
"c:\Users\jh\OneDrive - Scanpan\Scanpan (7.1.2015)\Development\SCANPAN Internal CodeBase\old_app_codebase\SCANPAN_SCANPAN CODEBASE Internal Development_1.0.0.5.app", "alapp", 0, 1702, 0, 0, 0, 0, 0, 0, 6, 1708
"c:\Users\jh\OneDrive - Scanpan\Scanpan (7.1.2015)\Development\SCANPAN Internal CodeBase\old_app_codebase\SCANPAN_SCANPAN CODEBASE Internal Development_1.0.0.6.app", "alapp", 0, 1777, 0, 0, 0, 0, 0, 0, 6, 1783
"c:\Users\jh\OneDrive - Scanpan\Scanpan (7.1.2015)\Development\SCANPAN Internal CodeBase\old_app_codebase\SCANPAN_SCANPAN CODEBASE Internal Development_1.0.0.7.app", "alapp", 0, 1780, 0, 0, 0, 0, 0, 0, 6, 1786
"c:\Users\jh\OneDrive - Scanpan\Scanpan (7.1.2015)\Development\SCANPAN Internal CodeBase\old_app_codebase\SCANPAN_SCANPAN CODEBASE Internal Development_1.0.0.8.app", "alapp", 0, 1854, 0, 0, 0, 0, 0, 0, 7, 1861
"c:\Users\jh\OneDrive - Scanpan\Scanpan (7.1.2015)\Development\SCANPAN Internal CodeBase\old_app_codebase\SCANPAN_SCANPAN CODEBASE Internal Development_1.0.0.9.app", "alapp", 0, 1853, 0, 0, 0, 0, 0, 0, 8, 1861
"c:\Users\jh\OneDrive - Scanpan\Scanpan (7.1.2015)\Development\SCANPAN Internal CodeBase\old_app_codebase\SCANPAN_SCANPAN CODEBASE Internal Development_1.0.23.10030841.app", "alapp", 0, 4440, 0, 0, 0, 0, 0, 0, 28, 4468
"c:\Users\jh\OneDrive - Scanpan\Scanpan (7.1.2015)\Development\SCANPAN Internal CodeBase\old_app_codebase\SCANPAN_SCANPAN CODEBASE Internal Development_1.0.23.10091056.app", "alapp", 0, 4442, 0, 0, 0, 0, 0, 0, 26, 4468
"c:\Users\jh\OneDrive - Scanpan\Scanpan (7.1.2015)\Development\SCANPAN Internal CodeBase\old_app_codebase\SCANPAN_SCANPAN CODEBASE Internal Development_1.0.23.10091120.app", "alapp", 0, 4529, 0, 0, 0, 0, 0, 0, 29, 4558
"c:\Users\jh\OneDrive - Scanpan\Scanpan (7.1.2015)\Development\SCANPAN Internal CodeBase\old_app_codebase\SCANPAN_SCANPAN CODEBASE Internal Development_1.0.23.10091456.app", "alapp", 0, 4547, 0, 0, 0, 0, 0, 0, 27, 4574
"c:\Users\jh\OneDrive - Scanpan\Scanpan (7.1.2015)\Development\SCANPAN Internal CodeBase\old_app_codebase\SCANPAN_SCANPAN CODEBASE Internal Development_1.0.23.10101122.app", "alapp", 0, 4600, 0, 0, 0, 0, 0, 0, 31, 4631
"c:\Users\jh\OneDrive - Scanpan\Scanpan (7.1.2015)\Development\SCANPAN Internal CodeBase\old_app_codebase\SCANPAN_SCANPAN CODEBASE Internal Development_1.0.23.10101206.app", "alapp", 0, 4661, 0, 0, 0, 0, 0, 0, 30, 4691
"c:\Users\jh\OneDrive - Scanpan\Scanpan (7.1.2015)\Development\SCANPAN Internal CodeBase\old_app_codebase\SCANPAN_SCANPAN CODEBASE Internal Development_1.0.23.10101509.app", "alapp", 0, 4558, 0, 0, 0, 0, 0, 0, 24, 4582
"c:\Users\jh\OneDrive - Scanpan\Scanpan (7.1.2015)\Development\SCANPAN Internal CodeBase\old_app_codebase\SCANPAN_SCANPAN CODEBASE Internal Development_1.0.23.10102109.app", "alapp", 0, 4571, 0, 0, 0, 0, 0, 0, 26, 4597
"c:\Users\jh\OneDrive - Scanpan\Scanpan (7.1.2015)\Development\SCANPAN Internal CodeBase\old_app_codebase\SCANPAN_SCANPAN CODEBASE Internal Development_1.0.23.10102148.app", "alapp", 0, 4576, 0, 0, 0, 0, 0, 0, 29, 4605
"c:\Users\jh\OneDrive - Scanpan\Scanpan (7.1.2015)\Development\SCANPAN Internal CodeBase\old_app_codebase\SCANPAN_SCANPAN CODEBASE Internal Development_1.0.23.10131006.app", "alapp", 0, 4587, 0, 0, 0, 0, 0, 0, 33, 4620
"c:\Users\jh\OneDrive - Scanpan\Scanpan (7.1.2015)\Development\SCANPAN Internal CodeBase\old_app_codebase\SCANPAN_SCANPAN CODEBASE Internal Development_1.0.23.10131026.app", "alapp", 0, 4514, 0, 0, 0, 0, 0, 0, 25, 4539
"c:\Users\jh\OneDrive - Scanpan\Scanpan (7.1.2015)\Development\SCANPAN Internal CodeBase\old_app_codebase\SCANPAN_SCANPAN CODEBASE Internal Development_1.0.23.10131053.app", "alapp", 0, 4573, 0, 0, 0, 0, 0, 0, 24, 4597
"c:\Users\jh\OneDrive - Scanpan\Scanpan (7.1.2015)\Development\SCANPAN Internal CodeBase\old_app_codebase\SCANPAN_SCANPAN CODEBASE Internal Development_1.0.23.10161435.app", "alapp", 0, 4655, 0, 0, 0, 0, 0, 0, 29, 4684
"c:\Users\jh\OneDrive - Scanpan\Scanpan (7.1.2015)\Development\SCANPAN Internal CodeBase\old_app_codebase\SCANPAN_SCANPAN CODEBASE Internal Development_1.0.23.10161527.app", "alapp", 0, 4765, 0, 0, 0, 0, 0, 0, 26, 4791
"c:\Users\jh\OneDrive - Scanpan\Scanpan (7.1.2015)\Development\SCANPAN Internal CodeBase\old_app_codebase\SCANPAN_SCANPAN CODEBASE Internal Development_1.0.23.10192118.app", "alapp", 0, 4609, 0, 0, 0, 0, 0, 0, 23, 4632
"c:\Users\jh\OneDrive - Scanpan\Scanpan (7.1.2015)\Development\SCANPAN Internal CodeBase\old_app_codebase\SCANPAN_SCANPAN CODEBASE Internal Development_1.0.23.10200950.app", "alapp", 0, 4609, 0, 0, 0, 0, 0, 0, 24, 4633
"c:\Users\jh\OneDrive - Scanpan\Scanpan (7.1.2015)\Development\SCANPAN Internal CodeBase\old_app_codebase\SCANPAN_SCANPAN CODEBASE Internal Development_1.0.23.10200957.app", "alapp", 0, 4548, 0, 0, 0, 0, 0, 0, 22, 4570
"c:\Users\jh\OneDrive - Scanpan\Scanpan (7.1.2015)\Development\SCANPAN Internal CodeBase\old_app_codebase\SCANPAN_SCANPAN CODEBASE Internal Development_1.0.23.10230830.app", "alapp", 0, 4680, 0, 0, 0, 0, 0, 0, 24, 4704
"c:\Users\jh\OneDrive - Scanpan\Scanpan (7.1.2015)\Development\SCANPAN Internal CodeBase\old_app_codebase\SCANPAN_SCANPAN CODEBASE Internal Development_1.0.23.10261242.app", "alapp", 0, 4677, 0, 0, 0, 0, 0, 0, 20, 4697
"c:\Users\jh\OneDrive - Scanpan\Scanpan (7.1.2015)\Development\SCANPAN Internal CodeBase\old_app_codebase\SCANPAN_SCANPAN CODEBASE Internal Development_1.0.23.10261440.app", "alapp", 0, 4723, 0, 0, 0, 0, 0, 0, 28, 4751
"c:\Users\jh\OneDrive - Scanpan\Scanpan (7.1.2015)\Development\SCANPAN Internal CodeBase\old_app_codebase\SCANPAN_SCANPAN CODEBASE Internal Development_1.0.23.10271027.app", "alapp", 0, 4823, 0, 0, 0, 0, 0, 0, 26, 4849
"c:\Users\jh\OneDrive - Scanpan\Scanpan (7.1.2015)\Development\SCANPAN Internal CodeBase\old_app_codebase\SCANPAN_SCANPAN CODEBASE Internal Development_1.0.23.11030745.app", "alapp", 0, 4848, 0, 0, 0, 0, 0, 0, 27, 4875
"c:\Users\jh\OneDrive - Scanpan\Scanpan (7.1.2015)\Development\SCANPAN Internal CodeBase\old_app_codebase\SCANPAN_SCANPAN CODEBASE Internal Development_1.0.23.11071310.app", "alapp", 0, 4849, 0, 0, 0, 0, 0, 0, 24, 4873
"c:\Users\jh\OneDrive - Scanpan\Scanpan (7.1.2015)\Development\SCANPAN Internal CodeBase\old_app_codebase\SCANPAN_SCANPAN CODEBASE Internal Development_1.0.23.11080910.app", "alapp", 0, 4876, 0, 0, 0, 0, 0, 0, 27, 4903
"c:\Users\jh\OneDrive - Scanpan\Scanpan (7.1.2015)\Development\SCANPAN Internal CodeBase\old_app_codebase\SCANPAN_SCANPAN CODEBASE Internal Development_1.0.23.11090801.app", "alapp", 0, 4867, 0, 0, 0, 0, 0, 0, 27, 4894
"c:\Users\jh\OneDrive - Scanpan\Scanpan (7.1.2015)\Development\SCANPAN Internal CodeBase\old_app_codebase\SCANPAN_SCANPAN CODEBASE Internal Development_1.0.23.11161517.app", "alapp", 0, 4837, 0, 0, 0, 0, 0, 0, 25, 4862
"c:\Users\jh\OneDrive - Scanpan\Scanpan (7.1.2015)\Development\SCANPAN Internal CodeBase\old_app_codebase\SCANPAN_SCANPAN CODEBASE Internal Development_1.0.23.11181410.app", "alapp", 0, 4842, 0, 0, 0, 0, 0, 0, 25, 4867
"c:\Users\jh\OneDrive - Scanpan\Scanpan (7.1.2015)\Development\SCANPAN Internal CodeBase\old_app_codebase\SCANPAN_SCANPAN CODEBASE Internal Development_1.0.23.11181524.app", "alapp", 0, 4927, 0, 0, 0, 0, 0, 0, 30, 4957
"c:\Users\jh\OneDrive - Scanpan\Scanpan (7.1.2015)\Development\SCANPAN Internal CodeBase\old_app_codebase\SCANPAN_SCANPAN CODEBASE Internal Development_1.0.23.11220823.app", "alapp", 0, 4970, 0, 0, 0, 0, 0, 0, 28, 4998
"c:\Users\jh\OneDrive - Scanpan\Scanpan (7.1.2015)\Development\SCANPAN Internal CodeBase\old_app_codebase\SCANPAN_SCANPAN CODEBASE Internal Development_1.0.23.11231151.app", "alapp", 0, 4985, 0, 0, 0, 0, 0, 0, 33, 5018
"c:\Users\jh\OneDrive - Scanpan\Scanpan (7.1.2015)\Development\SCANPAN Internal CodeBase\old_app_codebase\SCANPAN_SCANPAN CODEBASE Internal Development_1.0.23.11231320.app", "alapp", 0, 5036, 0, 0, 0, 0, 0, 0, 30, 5066
"c:\Users\jh\OneDrive - Scanpan\Scanpan (7.1.2015)\Development\SCANPAN Internal CodeBase\old_app_codebase\SCANPAN_SCANPAN CODEBASE Internal Development_1.0.23.11231329.app", "alapp", 0, 5041, 0, 0, 0, 0, 0, 0, 29, 5070
"c:\Users\jh\OneDrive - Scanpan\Scanpan (7.1.2015)\Development\SCANPAN Internal CodeBase\old_app_codebase\SCANPAN_SCANPAN CODEBASE Internal Development_1.0.23.11240756.app", "alapp", 0, 5036, 0, 0, 0, 0, 0, 0, 28, 5064
"c:\Users\jh\OneDrive - Scanpan\Scanpan (7.1.2015)\Development\SCANPAN Internal CodeBase\old_app_codebase\SCANPAN_SCANPAN CODEBASE Internal Development_1.0.23.11281008.app", "alapp", 0, 5058, 0, 0, 0, 0, 0, 0, 28, 5086
"c:\Users\jh\OneDrive - Scanpan\Scanpan (7.1.2015)\Development\SCANPAN Internal CodeBase\old_app_codebase\SCANPAN_SCANPAN CODEBASE Internal Development_1.0.23.12010914.app", "alapp", 0, 5038, 0, 0, 0, 0, 0, 0, 27, 5065
"c:\Users\jh\OneDrive - Scanpan\Scanpan (7.1.2015)\Development\SCANPAN Internal CodeBase\old_app_codebase\SCANPAN_SCANPAN CODEBASE Internal Development_1.0.23.12011018.app", "alapp", 0, 5031, 0, 0, 0, 0, 0, 0, 27, 5058
"c:\Users\jh\OneDrive - Scanpan\Scanpan (7.1.2015)\Development\SCANPAN Internal CodeBase\old_app_codebase\SCANPAN_SCANPAN CODEBASE Internal Development_1.0.23.12011024.app", "alapp", 0, 5024, 0, 0, 0, 0, 0, 0, 26, 5050
"c:\Users\jh\OneDrive - Scanpan\Scanpan (7.1.2015)\Development\SCANPAN Internal CodeBase\old_app_codebase\SCANPAN_SCANPAN CODEBASE Internal Development_1.0.23.12011030.app", "alapp", 0, 4966, 0, 0, 0, 0, 0, 0, 23, 4989
"c:\Users\jh\OneDrive - Scanpan\Scanpan (7.1.2015)\Development\SCANPAN Internal CodeBase\old_app_codebase\SCANPAN_SCANPAN CODEBASE Internal Development_1.0.23.12011310.app", "alapp", 0, 5132, 0, 0, 0, 0, 0, 0, 27, 5159
"c:\Users\jh\OneDrive - Scanpan\Scanpan (7.1.2015)\Development\SCANPAN Internal CodeBase\old_app_codebase\SCANPAN_SCANPAN CODEBASE Internal Development_1.0.23.12040910.app", "alapp", 0, 5241, 0, 0, 0, 0, 0, 0, 26, 5267
"c:\Users\jh\OneDrive - Scanpan\Scanpan (7.1.2015)\Development\SCANPAN Internal CodeBase\old_app_codebase\SCANPAN_SCANPAN CODEBASE Internal Development_1.0.23.12041000.app", "alapp", 0, 5155, 0, 0, 0, 0, 0, 0, 20, 5175
"c:\Users\jh\OneDrive - Scanpan\Scanpan (7.1.2015)\Development\SCANPAN Internal CodeBase\old_app_codebase\SCANPAN_SCANPAN CODEBASE Internal Development_1.0.23.12071110.app", "alapp", 0, 5169, 0, 0, 0, 0, 0, 0, 22, 5191
"c:\Users\jh\OneDrive - Scanpan\Scanpan (7.1.2015)\Development\SCANPAN Internal CodeBase\old_app_codebase\SCANPAN_SCANPAN CODEBASE Internal Development_1.0.23.12071220.app", "alapp", 0, 5170, 0, 0, 0, 0, 0, 0, 25, 5195
"c:\Users\jh\OneDrive - Scanpan\Scanpan (7.1.2015)\Development\SCANPAN Internal CodeBase\old_app_codebase\SCANPAN_SCANPAN CODEBASE Internal Development_1.0.23.12071448.app", "alapp", 0, 5181, 0, 0, 0, 0, 0, 0, 22, 5203
"c:\Users\jh\OneDrive - Scanpan\Scanpan (7.1.2015)\Development\SCANPAN Internal CodeBase\old_app_codebase\SCANPAN_SCANPAN CODEBASE Internal Development_1.0.23.12131148.app", "alapp", 0, 5258, 0, 0, 0, 0, 0, 0, 25, 5283
"c:\Users\jh\OneDrive - Scanpan\Scanpan (7.1.2015)\Development\SCANPAN Internal CodeBase\old_app_codebase\SCANPAN_SCANPAN CODEBASE Internal Development_1.0.23.12140858.app", "alapp", 0, 5259, 0, 0, 0, 0, 0, 0, 25, 5284
"c:\Users\jh\OneDrive - Scanpan\Scanpan (7.1.2015)\Development\SCANPAN Internal CodeBase\old_app_codebase\SCANPAN_SCANPAN CODEBASE Internal Development_1.0.23.12140924.app", "alapp", 0, 5269, 0, 0, 0, 0, 0, 0, 27, 5296
"c:\Users\jh\OneDrive - Scanpan\Scanpan (7.1.2015)\Development\SCANPAN Internal CodeBase\old_app_codebase\SCANPAN_SCANPAN CODEBASE Internal Development_1.0.23.12141120.app", "alapp", 0, 5306, 0, 0, 0, 0, 0, 0, 25, 5331
"c:\Users\jh\OneDrive - Scanpan\Scanpan (7.1.2015)\Development\SCANPAN Internal CodeBase\old_app_codebase\SCANPAN_SCANPAN CODEBASE Internal Development_1.0.23.12180913.app", "alapp", 0, 5352, 0, 0, 0, 0, 0, 0, 25, 5377
"c:\Users\jh\OneDrive - Scanpan\Scanpan (7.1.2015)\Development\SCANPAN Internal CodeBase\old_app_codebase\SCANPAN_SCANPAN CODEBASE Internal Development_1.0.23.12182143.app", "alapp", 0, 5300, 0, 0, 0, 0, 0, 0, 24, 5324
"c:\Users\jh\OneDrive - Scanpan\Scanpan (7.1.2015)\Development\SCANPAN Internal CodeBase\old_app_codebase\SCANPAN_SCANPAN CODEBASE Internal Development_1.0.23.12191142.app", "alapp", 0, 5240, 0, 0, 0, 0, 0, 0, 24, 5264
"c:\Users\jh\OneDrive - Scanpan\Scanpan (7.1.2015)\Development\SCANPAN Internal CodeBase\old_app_codebase\SCANPAN_SCANPAN CODEBASE Internal Development_1.0.23.12191509.app", "alapp", 0, 5336, 0, 0, 0, 0, 0, 0, 24, 5360
"c:\Users\jh\OneDrive - Scanpan\Scanpan (7.1.2015)\Development\SCANPAN Internal CodeBase\old_app_codebase\SCANPAN_SCANPAN CODEBASE Internal Development_1.0.23.12202230.app", "alapp", 0, 5302, 0, 0, 0, 0, 0, 0, 28, 5330
"c:\Users\jh\OneDrive - Scanpan\Scanpan (7.1.2015)\Development\SCANPAN Internal CodeBase\old_app_codebase\SCANPAN_SCANPAN CODEBASE Internal Development_1.0.23.7190832.app", "alapp", 0, 4554, 0, 0, 0, 0, 0, 0, 22, 4576
"c:\Users\jh\OneDrive - Scanpan\Scanpan (7.1.2015)\Development\SCANPAN Internal CodeBase\old_app_codebase\SCANPAN_SCANPAN CODEBASE Internal Development_1.0.23.7190833.app", "alapp", 0, 4139, 0, 0, 0, 0, 0, 0, 22, 4161
"c:\Users\jh\OneDrive - Scanpan\Scanpan (7.1.2015)\Development\SCANPAN Internal CodeBase\old_app_codebase\SCANPAN_SCANPAN CODEBASE Internal Development_1.0.23.7190835.app", "alapp", 0, 4138, 0, 0, 0, 0, 0, 0, 21, 4159
"c:\Users\jh\OneDrive - Scanpan\Scanpan (7.1.2015)\Development\SCANPAN Internal CodeBase\old_app_codebase\SCANPAN_SCANPAN CODEBASE Internal Development_1.0.23.7190855.app", "alapp", 0, 4147, 0, 0, 0, 0, 0, 0, 22, 4169
"c:\Users\jh\OneDrive - Scanpan\Scanpan (7.1.2015)\Development\SCANPAN Internal CodeBase\old_app_codebase\SCANPAN_SCANPAN CODEBASE Internal Development_1.0.23.7191041.app", "alapp", 0, 4137, 0, 0, 0, 0, 0, 0, 22, 4159
"c:\Users\jh\OneDrive - Scanpan\Scanpan (7.1.2015)\Development\SCANPAN Internal CodeBase\old_app_codebase\SCANPAN_SCANPAN CODEBASE Internal Development_1.0.23.7191132.app", "alapp", 0, 4152, 0, 0, 0, 0, 0, 0, 22, 4174
"c:\Users\jh\OneDrive - Scanpan\Scanpan (7.1.2015)\Development\SCANPAN Internal CodeBase\old_app_codebase\SCANPAN_SCANPAN CODEBASE Internal Development_1.0.23.7191141.app", "alapp", 0, 4180, 0, 0, 0, 0, 0, 0, 20, 4200
"c:\Users\jh\OneDrive - Scanpan\Scanpan (7.1.2015)\Development\SCANPAN Internal CodeBase\old_app_codebase\SCANPAN_SCANPAN CODEBASE Internal Development_1.0.23.7191325.app", "alapp", 0, 4204, 0, 0, 0, 0, 0, 0, 17, 4221
"c:\Users\jh\OneDrive - Scanpan\Scanpan (7.1.2015)\Development\SCANPAN Internal CodeBase\old_app_codebase\SCANPAN_SCANPAN CODEBASE Internal Development_1.0.23.7191330.app", "alapp", 0, 4115, 0, 0, 0, 0, 0, 0, 20, 4135
"c:\Users\jh\OneDrive - Scanpan\Scanpan (7.1.2015)\Development\SCANPAN Internal CodeBase\old_app_codebase\SCANPAN_SCANPAN CODEBASE Internal Development_1.0.23.7191333.app", "alapp", 0, 4195, 0, 0, 0, 0, 0, 0, 19, 4214
"c:\Users\jh\OneDrive - Scanpan\Scanpan (7.1.2015)\Development\SCANPAN Internal CodeBase\old_app_codebase\SCANPAN_SCANPAN CODEBASE Internal Development_1.0.23.7191500.app", "alapp", 0, 4124, 0, 0, 0, 0, 0, 0, 21, 4145
"c:\Users\jh\OneDrive - Scanpan\Scanpan (7.1.2015)\Development\SCANPAN Internal CodeBase\old_app_codebase\SCANPAN_SCANPAN CODEBASE Internal Development_1.0.23.7200931.app", "alapp", 0, 4073, 0, 0, 0, 0, 0, 0, 23, 4096
"c:\Users\jh\OneDrive - Scanpan\Scanpan (7.1.2015)\Development\SCANPAN Internal CodeBase\old_app_codebase\SCANPAN_SCANPAN CODEBASE Internal Development_1.0.23.7200953.app", "alapp", 0, 4092, 0, 0, 0, 0, 0, 0, 23, 4115
"c:\Users\jh\OneDrive - Scanpan\Scanpan (7.1.2015)\Development\SCANPAN Internal CodeBase\old_app_codebase\SCANPAN_SCANPAN CODEBASE Internal Development_1.0.23.7201511.app", "alapp", 0, 4109, 0, 0, 0, 0, 0, 0, 23, 4132
"c:\Users\jh\OneDrive - Scanpan\Scanpan (7.1.2015)\Development\SCANPAN Internal CodeBase\old_app_codebase\SCANPAN_SCANPAN CODEBASE Internal Development_1.0.23.7241007.app", "alapp", 0, 4140, 0, 0, 0, 0, 0, 0, 24, 4164
"c:\Users\jh\OneDrive - Scanpan\Scanpan (7.1.2015)\Development\SCANPAN Internal CodeBase\old_app_codebase\SCANPAN_SCANPAN CODEBASE Internal Development_1.0.23.7241500.app", "alapp", 0, 4172, 0, 0, 0, 0, 0, 0, 19, 4191
"c:\Users\jh\OneDrive - Scanpan\Scanpan (7.1.2015)\Development\SCANPAN Internal CodeBase\old_app_codebase\SCANPAN_SCANPAN CODEBASE Internal Development_1.0.23.7251021.app", "alapp", 0, 4125, 0, 0, 0, 0, 0, 0, 28, 4153
"c:\Users\jh\OneDrive - Scanpan\Scanpan (7.1.2015)\Development\SCANPAN Internal CodeBase\old_app_codebase\SCANPAN_SCANPAN CODEBASE Internal Development_1.0.23.7251129.app", "alapp", 0, 4171, 0, 0, 0, 0, 0, 0, 28, 4199
"c:\Users\jh\OneDrive - Scanpan\Scanpan (7.1.2015)\Development\SCANPAN Internal CodeBase\old_app_codebase\SCANPAN_SCANPAN CODEBASE Internal Development_1.0.23.7251337.app", "alapp", 0, 4123, 0, 0, 0, 0, 0, 0, 22, 4145
"c:\Users\jh\OneDrive - Scanpan\Scanpan (7.1.2015)\Development\SCANPAN Internal CodeBase\old_app_codebase\SCANPAN_SCANPAN CODEBASE Internal Development_1.0.23.7260954.app", "alapp", 0, 4152, 0, 0, 0, 0, 0, 0, 25, 4177
"c:\Users\jh\OneDrive - Scanpan\Scanpan (7.1.2015)\Development\SCANPAN Internal CodeBase\old_app_codebase\SCANPAN_SCANPAN CODEBASE Internal Development_1.0.23.7261250.app", "alapp", 0, 4144, 0, 0, 0, 0, 0, 0, 27, 4171
"c:\Users\jh\OneDrive - Scanpan\Scanpan (7.1.2015)\Development\SCANPAN Internal CodeBase\old_app_codebase\SCANPAN_SCANPAN CODEBASE Internal Development_1.0.23.7261348.app", "alapp", 0, 4288, 0, 0, 0, 0, 0, 0, 21, 4309
"c:\Users\jh\OneDrive - Scanpan\Scanpan (7.1.2015)\Development\SCANPAN Internal CodeBase\old_app_codebase\SCANPAN_SCANPAN CODEBASE Internal Development_1.0.23.7261529.app", "alapp", 0, 4230, 0, 0, 0, 0, 0, 0, 23, 4253
"c:\Users\jh\OneDrive - Scanpan\Scanpan (7.1.2015)\Development\SCANPAN Internal CodeBase\old_app_codebase\SCANPAN_SCANPAN CODEBASE Internal Development_1.0.23.7271419.app", "alapp", 0, 4224, 0, 0, 0, 0, 0, 0, 18, 4242
"c:\Users\jh\OneDrive - Scanpan\Scanpan (7.1.2015)\Development\SCANPAN Internal CodeBase\old_app_codebase\SCANPAN_SCANPAN CODEBASE Internal Development_1.0.23.7280914.app", "alapp", 0, 4245, 0, 0, 0, 0, 0, 0, 19, 4264
"c:\Users\jh\OneDrive - Scanpan\Scanpan (7.1.2015)\Development\SCANPAN Internal CodeBase\old_app_codebase\SCANPAN_SCANPAN CODEBASE Internal Development_1.0.23.7280956.app", "alapp", 0, 4143, 0, 0, 0, 0, 0, 0, 21, 4164
"c:\Users\jh\OneDrive - Scanpan\Scanpan (7.1.2015)\Development\SCANPAN Internal CodeBase\old_app_codebase\SCANPAN_SCANPAN CODEBASE Internal Development_1.0.23.7281222.app", "alapp", 0, 4126, 0, 0, 0, 0, 0, 0, 22, 4148
"c:\Users\jh\OneDrive - Scanpan\Scanpan (7.1.2015)\Development\SCANPAN Internal CodeBase\old_app_codebase\SCANPAN_SCANPAN CODEBASE Internal Development_1.0.23.7310930.app", "alapp", 0, 4118, 0, 0, 0, 0, 0, 0, 22, 4140
"c:\Users\jh\OneDrive - Scanpan\Scanpan (7.1.2015)\Development\SCANPAN Internal CodeBase\old_app_codebase\SCANPAN_SCANPAN CODEBASE Internal Development_1.0.23.7311411.app", "alapp", 0, 4195, 0, 0, 0, 0, 0, 0, 23, 4218
"c:\Users\jh\OneDrive - Scanpan\Scanpan (7.1.2015)\Development\SCANPAN Internal CodeBase\old_app_codebase\SCANPAN_SCANPAN CODEBASE Internal Development_1.0.23.8011347.app", "alapp", 0, 4183, 0, 0, 0, 0, 0, 0, 23, 4206
"c:\Users\jh\OneDrive - Scanpan\Scanpan (7.1.2015)\Development\SCANPAN Internal CodeBase\old_app_codebase\SCANPAN_SCANPAN CODEBASE Internal Development_1.0.23.8021115.app", "alapp", 0, 4206, 0, 0, 0, 0, 0, 0, 25, 4231
"c:\Users\jh\OneDrive - Scanpan\Scanpan (7.1.2015)\Development\SCANPAN Internal CodeBase\old_app_codebase\SCANPAN_SCANPAN CODEBASE Internal Development_1.0.23.8031051.app", "alapp", 0, 4167, 0, 0, 0, 0, 0, 0, 25, 4192
"c:\Users\jh\OneDrive - Scanpan\Scanpan (7.1.2015)\Development\SCANPAN Internal CodeBase\old_app_codebase\SCANPAN_SCANPAN CODEBASE Internal Development_1.0.23.8031243.app", "alapp", 0, 4150, 0, 0, 0, 0, 0, 0, 26, 4176
"c:\Users\jh\OneDrive - Scanpan\Scanpan (7.1.2015)\Development\SCANPAN Internal CodeBase\old_app_codebase\SCANPAN_SCANPAN CODEBASE Internal Development_1.0.23.8031457.app", "alapp", 0, 4161, 0, 0, 0, 0, 0, 0, 25, 4186
"c:\Users\jh\OneDrive - Scanpan\Scanpan (7.1.2015)\Development\SCANPAN Internal CodeBase\old_app_codebase\SCANPAN_SCANPAN CODEBASE Internal Development_1.0.23.8041317.app", "alapp", 0, 4124, 0, 0, 0, 0, 0, 0, 25, 4149
"c:\Users\jh\OneDrive - Scanpan\Scanpan (7.1.2015)\Development\SCANPAN Internal CodeBase\old_app_codebase\SCANPAN_SCANPAN CODEBASE Internal Development_1.0.23.8071222.app", "alapp", 0, 4137, 0, 0, 0, 0, 0, 0, 26, 4163
"c:\Users\jh\OneDrive - Scanpan\Scanpan (7.1.2015)\Development\SCANPAN Internal CodeBase\old_app_codebase\SCANPAN_SCANPAN CODEBASE Internal Development_1.0.23.8071418.app", "alapp", 0, 4165, 0, 0, 0, 0, 0, 0, 23, 4188
"c:\Users\jh\OneDrive - Scanpan\Scanpan (7.1.2015)\Development\SCANPAN Internal CodeBase\old_app_codebase\SCANPAN_SCANPAN CODEBASE Internal Development_1.0.23.8081454.app", "alapp", 0, 4163, 0, 0, 0, 0, 0, 0, 21, 4184
"c:\Users\jh\OneDrive - Scanpan\Scanpan (7.1.2015)\Development\SCANPAN Internal CodeBase\old_app_codebase\SCANPAN_SCANPAN CODEBASE Internal Development_1.0.23.8090928.app", "alapp", 0, 4137, 0, 0, 0, 0, 0, 0, 20, 4157
"c:\Users\jh\OneDrive - Scanpan\Scanpan (7.1.2015)\Development\SCANPAN Internal CodeBase\old_app_codebase\SCANPAN_SCANPAN CODEBASE Internal Development_1.0.23.8101528.app", "alapp", 0, 4651, 0, 0, 0, 0, 0, 0, 23, 4674
"c:\Users\jh\OneDrive - Scanpan\Scanpan (7.1.2015)\Development\SCANPAN Internal CodeBase\old_app_codebase\SCANPAN_SCANPAN CODEBASE Internal Development_1.0.23.8110745.app", "alapp", 0, 4186, 0, 0, 0, 0, 0, 0, 22, 4208
"c:\Users\jh\OneDrive - Scanpan\Scanpan (7.1.2015)\Development\SCANPAN Internal CodeBase\old_app_codebase\SCANPAN_SCANPAN CODEBASE Internal Development_1.0.23.8110856.app", "alapp", 0, 4199, 0, 0, 0, 0, 0, 0, 25, 4224
"c:\Users\jh\OneDrive - Scanpan\Scanpan (7.1.2015)\Development\SCANPAN Internal CodeBase\old_app_codebase\SCANPAN_SCANPAN CODEBASE Internal Development_1.0.23.8111302.app", "alapp", 0, 4264, 0, 0, 0, 0, 0, 0, 24, 4288
"c:\Users\jh\OneDrive - Scanpan\Scanpan (7.1.2015)\Development\SCANPAN Internal CodeBase\old_app_codebase\SCANPAN_SCANPAN CODEBASE Internal Development_1.0.23.8141737.app", "alapp", 0, 4204, 0, 0, 0, 0, 0, 0, 23, 4227
"c:\Users\jh\OneDrive - Scanpan\Scanpan (7.1.2015)\Development\SCANPAN Internal CodeBase\old_app_codebase\SCANPAN_SCANPAN CODEBASE Internal Development_1.0.23.8150928.app", "alapp", 0, 4225, 0, 0, 0, 0, 0, 0, 22, 4247
"c:\Users\jh\OneDrive - Scanpan\Scanpan (7.1.2015)\Development\SCANPAN Internal CodeBase\old_app_codebase\SCANPAN_SCANPAN CODEBASE Internal Development_1.0.23.8150953.app", "alapp", 0, 4235, 0, 0, 0, 0, 0, 0, 21, 4256
"c:\Users\jh\OneDrive - Scanpan\Scanpan (7.1.2015)\Development\SCANPAN Internal CodeBase\old_app_codebase\SCANPAN_SCANPAN CODEBASE Internal Development_1.0.23.8151008.app", "alapp", 0, 4244, 0, 0, 0, 0, 0, 0, 22, 4266
"c:\Users\jh\OneDrive - Scanpan\Scanpan (7.1.2015)\Development\SCANPAN Internal CodeBase\old_app_codebase\SCANPAN_SCANPAN CODEBASE Internal Development_1.0.23.8161328.app", "alapp", 0, 4213, 0, 0, 0, 0, 0, 0, 23, 4236
"c:\Users\jh\OneDrive - Scanpan\Scanpan (7.1.2015)\Development\SCANPAN Internal CodeBase\old_app_codebase\SCANPAN_SCANPAN CODEBASE Internal Development_1.0.23.8161948.app", "alapp", 0, 4195, 0, 0, 0, 0, 0, 0, 25, 4220
"c:\Users\jh\OneDrive - Scanpan\Scanpan (7.1.2015)\Development\SCANPAN Internal CodeBase\old_app_codebase\SCANPAN_SCANPAN CODEBASE Internal Development_1.0.23.8162019.app", "alapp", 0, 4177, 0, 0, 0, 0, 0, 0, 22, 4199
"c:\Users\jh\OneDrive - Scanpan\Scanpan (7.1.2015)\Development\SCANPAN Internal CodeBase\old_app_codebase\SCANPAN_SCANPAN CODEBASE Internal Development_1.0.23.8162038.app", "alapp", 0, 4267, 0, 0, 0, 0, 0, 0, 21, 4288
"c:\Users\jh\OneDrive - Scanpan\Scanpan (7.1.2015)\Development\SCANPAN Internal CodeBase\old_app_codebase\SCANPAN_SCANPAN CODEBASE Internal Development_1.0.23.8170657.app", "alapp", 0, 4275, 0, 0, 0, 0, 0, 0, 19, 4294
"c:\Users\jh\OneDrive - Scanpan\Scanpan (7.1.2015)\Development\SCANPAN Internal CodeBase\old_app_codebase\SCANPAN_SCANPAN CODEBASE Internal Development_1.0.23.8170718.app", "alapp", 0, 4301, 0, 0, 0, 0, 0, 0, 25, 4326
"c:\Users\jh\OneDrive - Scanpan\Scanpan (7.1.2015)\Development\SCANPAN Internal CodeBase\old_app_codebase\SCANPAN_SCANPAN CODEBASE Internal Development_1.0.23.8311500.app", "alapp", 0, 4270, 0, 0, 0, 0, 0, 0, 20, 4290
"c:\Users\jh\OneDrive - Scanpan\Scanpan (7.1.2015)\Development\SCANPAN Internal CodeBase\old_app_codebase\SCANPAN_SCANPAN CODEBASE Internal Development_1.0.23.9041135.app", "alapp", 0, 4273, 0, 0, 0, 0, 0, 0, 27, 4300
"c:\Users\jh\OneDrive - Scanpan\Scanpan (7.1.2015)\Development\SCANPAN Internal CodeBase\old_app_codebase\SCANPAN_SCANPAN CODEBASE Internal Development_1.0.23.9041427.app", "alapp", 0, 4263, 0, 0, 0, 0, 0, 0, 28, 4291
"c:\Users\jh\OneDrive - Scanpan\Scanpan (7.1.2015)\Development\SCANPAN Internal CodeBase\old_app_codebase\SCANPAN_SCANPAN CODEBASE Internal Development_1.0.23.9050754.app", "alapp", 0, 4335, 0, 0, 0, 0, 0, 0, 21, 4356
"c:\Users\jh\OneDrive - Scanpan\Scanpan (7.1.2015)\Development\SCANPAN Internal CodeBase\old_app_codebase\SCANPAN_SCANPAN CODEBASE Internal Development_1.0.23.9111241.app", "alapp", 0, 4289, 0, 0, 0, 0, 0, 0, 26, 4315
"c:\Users\jh\OneDrive - Scanpan\Scanpan (7.1.2015)\Development\SCANPAN Internal CodeBase\old_app_codebase\SCANPAN_SCANPAN CODEBASE Internal Development_1.0.23.9140740.app", "alapp", 0, 4370, 0, 0, 0, 0, 0, 0, 33, 4403
"c:\Users\jh\OneDrive - Scanpan\Scanpan (7.1.2015)\Development\SCANPAN Internal CodeBase\old_app_codebase\SCANPAN_SCANPAN CODEBASE Internal Development_1.0.23.9171903.app", "alapp", 0, 4346, 0, 0, 0, 0, 0, 0, 34, 4380
"c:\Users\jh\OneDrive - Scanpan\Scanpan (7.1.2015)\Development\SCANPAN Internal CodeBase\old_app_codebase\SCANPAN_SCANPAN CODEBASE Internal Development_1.0.23.9181038.app", "alapp", 0, 4353, 0, 0, 0, 0, 0, 0, 27, 4380
"c:\Users\jh\OneDrive - Scanpan\Scanpan (7.1.2015)\Development\SCANPAN Internal CodeBase\old_app_codebase\SCANPAN_SCANPAN CODEBASE Internal Development_1.0.23.9181957.app", "alapp", 0, 4375, 0, 0, 0, 0, 0, 0, 29, 4404
"c:\Users\jh\OneDrive - Scanpan\Scanpan (7.1.2015)\Development\SCANPAN Internal CodeBase\old_app_codebase\SCANPAN_SCANPAN CODEBASE Internal Development_1.0.23.9191344.app", "alapp", 0, 4345, 0, 0, 0, 0, 0, 0, 37, 4382
"c:\Users\jh\OneDrive - Scanpan\Scanpan (7.1.2015)\Development\SCANPAN Internal CodeBase\old_app_codebase\SCANPAN_SCANPAN CODEBASE Internal Development_1.0.23.9201248.app", "alapp", 0, 4328, 0, 0, 0, 0, 0, 0, 36, 4364
"c:\Users\jh\OneDrive - Scanpan\Scanpan (7.1.2015)\Development\SCANPAN Internal CodeBase\old_app_codebase\SCANPAN_SCANPAN CODEBASE Internal Development_1.0.23.9201500.app", "alapp", 0, 4314, 0, 0, 0, 0, 0, 0, 36, 4350
"c:\Users\jh\OneDrive - Scanpan\Scanpan (7.1.2015)\Development\SCANPAN Internal CodeBase\old_app_codebase\SCANPAN_SCANPAN CODEBASE Internal Development_1.0.23.9201523.app", "alapp", 0, 4326, 0, 0, 0, 0, 0, 0, 36, 4362
"c:\Users\jh\OneDrive - Scanpan\Scanpan (7.1.2015)\Development\SCANPAN Internal CodeBase\old_app_codebase\SCANPAN_SCANPAN CODEBASE Internal Development_1.0.23.9211142.app", "alapp", 0, 4363, 0, 0, 0, 0, 0, 0, 29, 4392
"c:\Users\jh\OneDrive - Scanpan\Scanpan (7.1.2015)\Development\SCANPAN Internal CodeBase\old_app_codebase\SCANPAN_SCANPAN CODEBASE Internal Development_1.0.23.9261323.app", "alapp", 0, 4384, 0, 0, 0, 0, 0, 0, 28, 4412
"c:\Users\jh\OneDrive - Scanpan\Scanpan (7.1.2015)\Development\SCANPAN Internal CodeBase\old_app_codebase\SCANPAN_SCANPAN CODEBASE Internal Development_1.0.23.9261414.app", "alapp", 0, 4369, 0, 0, 0, 0, 0, 0, 25, 4394
"c:\Users\jh\OneDrive - Scanpan\Scanpan (7.1.2015)\Development\SCANPAN Internal CodeBase\old_app_codebase\SCANPAN_SCANPAN CODEBASE Internal Development_1.0.23.9281158.app", "alapp", 0, 4364, 0, 0, 0, 0, 0, 0, 22, 4386
"c:\Users\jh\OneDrive - Scanpan\Scanpan (7.1.2015)\Development\SCANPAN Internal CodeBase\old_app_codebase\SCANPAN_SCANPAN CODEBASE Internal Development_1.0.23.9281332.app", "alapp", 0, 4379, 0, 0, 0, 0, 0, 0, 23, 4402
"c:\Users\jh\OneDrive - Scanpan\Scanpan (7.1.2015)\Development\SCANPAN Internal CodeBase\old_app_codebase\SCANPAN_SCANPAN CODEBASE Internal Development_1.0.23.9291404.app", "alapp", 0, 4402, 0, 0, 0, 0, 0, 0, 23, 4425
"c:\Users\jh\OneDrive - Scanpan\Scanpan (7.1.2015)\Development\SCANPAN Internal CodeBase\old_app_codebase\SCANPAN_SCANPAN CODEBASE Internal Development_1.0.24.1020837.app", "alapp", 0, 5186, 0, 0, 0, 0, 0, 0, 28, 5214
"c:\Users\jh\OneDrive - Scanpan\Scanpan (7.1.2015)\Development\SCANPAN Internal CodeBase\old_app_codebase\SCANPAN_SCANPAN CODEBASE Internal Development_1.0.24.1020902.app", "alapp", 0, 5168, 0, 0, 0, 0, 0, 0, 29, 5197
"c:\Users\jh\OneDrive - Scanpan\Scanpan (7.1.2015)\Development\SCANPAN Internal CodeBase\old_app_codebase\SCANPAN_SCANPAN CODEBASE Internal Development_1.0.24.1020911.app", "alapp", 0, 5277, 0, 0, 0, 0, 0, 0, 26, 5303
"c:\Users\jh\OneDrive - Scanpan\Scanpan (7.1.2015)\Development\SCANPAN Internal CodeBase\old_app_codebase\SCANPAN_SCANPAN CODEBASE Internal Development_1.0.24.1031038.app", "alapp", 0, 5269, 0, 0, 0, 0, 0, 0, 26, 5295
"c:\Users\jh\OneDrive - Scanpan\Scanpan (7.1.2015)\Development\SCANPAN Internal CodeBase\old_app_codebase\SCANPAN_SCANPAN CODEBASE Internal Development_1.0.24.1031039.app", "alapp", 0, 5272, 0, 0, 0, 0, 0, 0, 26, 5298
"c:\Users\jh\OneDrive - Scanpan\Scanpan (7.1.2015)\Development\SCANPAN Internal CodeBase\old_app_codebase\SCANPAN_SCANPAN CODEBASE Internal Development_1.0.24.1170934.app", "alapp", 0, 5301, 0, 0, 0, 0, 0, 0, 27, 5328
"c:\Users\jh\OneDrive - Scanpan\Scanpan (7.1.2015)\Development\SCANPAN Internal CodeBase\old_app_codebase\SCANPAN_SCANPAN CODEBASE Internal Development_1.0.24.1221422.app", "alapp", 0, 5334, 0, 0, 0, 0, 0, 0, 26, 5360
"c:\Users\jh\OneDrive - Scanpan\Scanpan (7.1.2015)\Development\SCANPAN Internal CodeBase\old_app_codebase\SCANPAN_SCANPAN CODEBASE Internal Development_1.0.24.1221429.app", "alapp", 0, 5442, 0, 0, 0, 0, 0, 0, 28, 5470
"c:\Users\jh\OneDrive - Scanpan\Scanpan (7.1.2015)\Development\SCANPAN Internal CodeBase\old_app_codebase\SCANPAN_SCANPAN CODEBASE Internal Development_1.0.24.1241210.app", "alapp", 0, 5439, 0, 0, 0, 0, 0, 0, 27, 5466
"c:\Users\jh\OneDrive - Scanpan\Scanpan (7.1.2015)\Development\SCANPAN Internal CodeBase\old_app_codebase\SCANPAN_SCANPAN CODEBASE Internal Development_1.0.24.1301351.app", "alapp", 0, 5449, 0, 0, 0, 0, 0, 0, 29, 5478
"c:\Users\jh\OneDrive - Scanpan\Scanpan (7.1.2015)\Development\SCANPAN Internal CodeBase\old_app_codebase\SCANPAN_SCANPAN CODEBASE Internal Development_1.0.24.1301453.app", "alapp", 0, 5411, 0, 0, 0, 0, 0, 0, 27, 5438
"c:\Users\jh\OneDrive - Scanpan\Scanpan (7.1.2015)\Development\SCANPAN Internal CodeBase\old_app_codebase\SCANPAN_SCANPAN CODEBASE Internal Development_1.0.24.2161200.app", "alapp", 0, 5455, 0, 0, 0, 0, 0, 0, 24, 5479
"c:\Users\jh\OneDrive - Scanpan\Scanpan (7.1.2015)\Development\SCANPAN Internal CodeBase\old_app_codebase\SCANPAN_SCANPAN CODEBASE Internal Development_1.0.24.2191144.app", "alapp", 0, 5469, 0, 0, 0, 0, 0, 0, 26, 5495
"c:\Users\jh\OneDrive - Scanpan\Scanpan (7.1.2015)\Development\SCANPAN Internal CodeBase\old_app_codebase\SCANPAN_SCANPAN CODEBASE Internal Development_1.0.24.2201538.app", "alapp", 0, 5446, 0, 0, 0, 0, 0, 0, 26, 5472
"c:\Users\jh\OneDrive - Scanpan\Scanpan (7.1.2015)\Development\SCANPAN Internal CodeBase\old_app_codebase\SCANPAN_SCANPAN CODEBASE Internal Development_1.0.24.3041217.app", "alapp", 0, 5432, 0, 0, 0, 0, 0, 0, 30, 5462
"c:\Users\jh\OneDrive - Scanpan\Scanpan (7.1.2015)\Development\SCANPAN Internal CodeBase\old_app_codebase\SCANPAN_SCANPAN CODEBASE Internal Development_1.0.24.3180916.app", "alapp", 0, 5455, 0, 0, 0, 0, 0, 0, 31, 5486
"c:\Users\jh\OneDrive - Scanpan\Scanpan (7.1.2015)\Development\SCANPAN Internal CodeBase\old_app_codebase\SCANPAN_SCANPAN CODEBASE Internal Development_1.0.24.3180949.app", "alapp", 0, 5446, 0, 0, 0, 0, 0, 0, 31, 5477
"c:\Users\jh\OneDrive - Scanpan\Scanpan (7.1.2015)\Development\SCANPAN Internal CodeBase\old_app_codebase\SCANPAN_SCANPAN CODEBASE Internal Development_1.0.24.3201351.app", "alapp", 0, 5485, 0, 0, 0, 0, 0, 0, 32, 5517
"c:\Users\jh\OneDrive - Scanpan\Scanpan (7.1.2015)\Development\SCANPAN Internal CodeBase\old_app_codebase\SCANPAN_SCANPAN CODEBASE Internal Development_1.0.24.3220849.app", "alapp", 0, 5485, 0, 0, 0, 0, 0, 0, 33, 5518
"c:\Users\jh\OneDrive - Scanpan\Scanpan (7.1.2015)\Development\SCANPAN Internal CodeBase\old_app_codebase\SCANPAN_SCANPAN CODEBASE Internal Development_1.0.24.3220958.app", "alapp", 0, 5491, 0, 0, 0, 0, 0, 0, 32, 5523
"c:\Users\jh\OneDrive - Scanpan\Scanpan (7.1.2015)\Development\SCANPAN Internal CodeBase\old_app_codebase\SCANPAN_SCANPAN CODEBASE Internal Development_1.0.24.4021305.app", "alapp", 0, 5521, 0, 0, 0, 0, 0, 0, 30, 5551
"c:\Users\jh\OneDrive - Scanpan\Scanpan (7.1.2015)\Development\SCANPAN Internal CodeBase\src\codeunit\ChartBuilder.Codeunit.al", "AL", 0, 0, 273, 0, 0, 0, 0, 75, 40, 388
"c:\Users\jh\OneDrive - Scanpan\Scanpan (7.1.2015)\Development\SCANPAN Internal CodeBase\src\codeunit\CompanyTestDetection.Codeunit.al", "AL", 0, 0, 20, 0, 0, 0, 0, 9, 10, 39
"c:\Users\jh\OneDrive - Scanpan\Scanpan (7.1.2015)\Development\SCANPAN Internal CodeBase\src\codeunit\DSVAPI.Codeunit.al", "AL", 0, 0, 294, 0, 0, 0, 0, 302, 78, 674
"c:\Users\jh\OneDrive - Scanpan\Scanpan (7.1.2015)\Development\SCANPAN Internal CodeBase\src\codeunit\DeleteBackOrders.Codeunit.al", "AL", 0, 0, 21, 0, 0, 0, 0, 0, 3, 24
"c:\Users\jh\OneDrive - Scanpan\Scanpan (7.1.2015)\Development\SCANPAN Internal CodeBase\src\codeunit\JSONMethods.Codeunit.al", "AL", 0, 0, 20, 0, 0, 0, 0, 1, 7, 28
"c:\Users\jh\OneDrive - Scanpan\Scanpan (7.1.2015)\Development\SCANPAN Internal CodeBase\src\codeunit\LTSautomate.Codeunit.al", "AL", 0, 0, 59, 0, 0, 0, 0, 21, 6, 86
"c:\Users\jh\OneDrive - Scanpan\Scanpan (7.1.2015)\Development\SCANPAN Internal CodeBase\src\codeunit\OneTimeSetQuantityUpdate.Codeunit.al", "AL", 0, 0, 26, 0, 0, 0, 0, 6, 4, 36
"c:\Users\jh\OneDrive - Scanpan\Scanpan (7.1.2015)\Development\SCANPAN Internal CodeBase\src\codeunit\PIMimages.Codeunit.al", "AL", 0, 0, 141, 0, 0, 0, 0, 50, 30, 221
"c:\Users\jh\OneDrive - Scanpan\Scanpan (7.1.2015)\Development\SCANPAN Internal CodeBase\src\codeunit\ScanpanMiscellaneous.Codeunit.al", "AL", 0, 0, 982, 0, 0, 0, 0, 255, 169, 1406
"c:\Users\jh\OneDrive - Scanpan\Scanpan (7.1.2015)\Development\SCANPAN Internal CodeBase\src\codeunit\SubscriberCU.Codeunit.al", "AL", 0, 0, 272, 0, 0, 0, 0, 201, 46, 519
"c:\Users\jh\OneDrive - Scanpan\Scanpan (7.1.2015)\Development\SCANPAN Internal CodeBase\src\codeunit\TESTCU.Codeunit.al", "AL", 0, 0, 67, 0, 0, 0, 0, 36, 16, 119
"c:\Users\jh\OneDrive - Scanpan\Scanpan (7.1.2015)\Development\SCANPAN Internal CodeBase\src\enum\AddressTypes.Enum.al", "AL", 0, 0, 16, 0, 0, 0, 0, 6, 5, 27
"c:\Users\jh\OneDrive - Scanpan\Scanpan (7.1.2015)\Development\SCANPAN Internal CodeBase\src\enum\CampaignStatisticsDocTypes.Enum.al", "AL", 0, 0, 16, 0, 0, 0, 0, 6, 3, 25
"c:\Users\jh\OneDrive - Scanpan\Scanpan (7.1.2015)\Development\SCANPAN Internal CodeBase\src\enum\CountryMarketType.Enum.al", "AL", 0, 0, 21, 0, 0, 0, 0, 3, 5, 29
"c:\Users\jh\OneDrive - Scanpan\Scanpan (7.1.2015)\Development\SCANPAN Internal CodeBase\src\enum\CountrySalesChannelEnum.Enum.al", "AL", 0, 0, 21, 0, 0, 0, 0, 3, 5, 29
"c:\Users\jh\OneDrive - Scanpan\Scanpan (7.1.2015)\Development\SCANPAN Internal CodeBase\src\enum\DSVOrderState.Enum.al", "AL", 0, 0, 33, 0, 0, 0, 0, 3, 8, 44
"c:\Users\jh\OneDrive - Scanpan\Scanpan (7.1.2015)\Development\SCANPAN Internal CodeBase\src\enum\DSVShipmentState.Enum.al", "AL", 0, 0, 20, 0, 0, 0, 0, 3, 7, 30
"c:\Users\jh\OneDrive - Scanpan\Scanpan (7.1.2015)\Development\SCANPAN Internal CodeBase\src\enum\DSVTransportMode.Enum.al", "AL", 0, 0, 19, 0, 0, 0, 0, 6, 7, 32
"c:\Users\jh\OneDrive - Scanpan\Scanpan (7.1.2015)\Development\SCANPAN Internal CodeBase\src\enum\DSVeDCOrderStates.Enum.al", "AL", 0, 0, 26, 0, 0, 0, 0, 3, 8, 37
"c:\Users\jh\OneDrive - Scanpan\Scanpan (7.1.2015)\Development\SCANPAN Internal CodeBase\src\enum\EnumChartDataType.Enum.al", "AL", 0, 0, 20, 0, 0, 0, 0, 3, 8, 31
"c:\Users\jh\OneDrive - Scanpan\Scanpan (7.1.2015)\Development\SCANPAN Internal CodeBase\src\enum\EnumControllingDocuments.Enum.al", "AL", 0, 0, 16, 0, 0, 0, 0, 8, 1, 25
"c:\Users\jh\OneDrive - Scanpan\Scanpan (7.1.2015)\Development\SCANPAN Internal CodeBase\src\enum\EnumGetBOMDetails.Enum.al", "AL", 0, 0, 12, 0, 0, 0, 0, 9, 6, 27
"c:\Users\jh\OneDrive - Scanpan\Scanpan (7.1.2015)\Development\SCANPAN Internal CodeBase\src\enum\EnumGetCoatingDescription.Enum.al", "AL", 0, 0, 12, 0, 0, 0, 0, 1, 7, 20
"c:\Users\jh\OneDrive - Scanpan\Scanpan (7.1.2015)\Development\SCANPAN Internal CodeBase\src\enum\EnumGetItem.Enum.al", "AL", 0, 0, 16, 0, 0, 0, 0, 8, 7, 31
"c:\Users\jh\OneDrive - Scanpan\Scanpan (7.1.2015)\Development\SCANPAN Internal CodeBase\src\enum\EnumGetItemPurchasePrice.Enum.al", "AL", 0, 0, 13, 0, 0, 0, 0, 8, 7, 28
"c:\Users\jh\OneDrive - Scanpan\Scanpan (7.1.2015)\Development\SCANPAN Internal CodeBase\src\enum\EnumItemBodyType.Enum.al", "AL", 0, 0, 24, 0, 0, 0, 0, 3, 4, 31
"c:\Users\jh\OneDrive - Scanpan\Scanpan (7.1.2015)\Development\SCANPAN Internal CodeBase\src\enum\EnumItemReferenceTypes.Enum.al", "AL", 0, 0, 13, 0, 0, 0, 0, 8, 5, 26
"c:\Users\jh\OneDrive - Scanpan\Scanpan (7.1.2015)\Development\SCANPAN Internal CodeBase\src\enum\EnumItemUnitOfMeasure.Enum.al", "AL", 0, 0, 16, 0, 0, 0, 0, 3, 4, 23
"c:\Users\jh\OneDrive - Scanpan\Scanpan (7.1.2015)\Development\SCANPAN Internal CodeBase\src\enum\EnumItemUnitOfMeasureCode.Enum.al", "AL", 0, 0, 12, 0, 0, 0, 0, 3, 2, 17
"c:\Users\jh\OneDrive - Scanpan\Scanpan (7.1.2015)\Development\SCANPAN Internal CodeBase\src\enum\EnumLogicalOperator.Enum.al", "AL", 0, 0, 13, 0, 0, 0, 0, 8, 8, 29
"c:\Users\jh\OneDrive - Scanpan\Scanpan (7.1.2015)\Development\SCANPAN Internal CodeBase\src\enum\EnumPostedDocumentType.Enum.al", "AL", 0, 0, 12, 0, 0, 0, 0, 6, 2, 20
"c:\Users\jh\OneDrive - Scanpan\Scanpan (7.1.2015)\Development\SCANPAN Internal CodeBase\src\enum\EnumProductionOrderStatus.Enum.al", "AL", 0, 0, 29, 0, 0, 0, 0, 9, 8, 46
"c:\Users\jh\OneDrive - Scanpan\Scanpan (7.1.2015)\Development\SCANPAN Internal CodeBase\src\enum\EnumTableType.Enum.al", "AL", 0, 0, 17, 0, 0, 0, 0, 9, 10, 36
"c:\Users\jh\OneDrive - Scanpan\Scanpan (7.1.2015)\Development\SCANPAN Internal CodeBase\src\enum\PeriodType.Enum.al", "AL", 0, 0, 24, 0, 0, 0, 0, 6, 7, 37
"c:\Users\jh\OneDrive - Scanpan\Scanpan (7.1.2015)\Development\SCANPAN Internal CodeBase\src\http\DSVAPIGetOrder.REST_http.http", "HTTP", 0, 0, 0, 7, 0, 0, 0, 0, 11, 18
"c:\Users\jh\OneDrive - Scanpan\Scanpan (7.1.2015)\Development\SCANPAN Internal CodeBase\src\http\DSVAPIOrders.REST_http.http", "HTTP", 0, 0, 0, 253, 0, 0, 0, 0, 8, 261
"c:\Users\jh\OneDrive - Scanpan\Scanpan (7.1.2015)\Development\SCANPAN Internal CodeBase\src\http\DSVAPISearch.REST_http.http", "HTTP", 0, 0, 0, 11, 0, 0, 0, 0, 10, 21
"c:\Users\jh\OneDrive - Scanpan\Scanpan (7.1.2015)\Development\SCANPAN Internal CodeBase\src\http\REST_http.http", "HTTP", 0, 0, 0, 24, 0, 0, 0, 0, 7, 31
"c:\Users\jh\OneDrive - Scanpan\Scanpan (7.1.2015)\Development\SCANPAN Internal CodeBase\src\page ext factbox\ItemPlanningFactBox.PageExt.al", "AL", 0, 0, 14, 0, 0, 0, 0, 3, 5, 22
"c:\Users\jh\OneDrive - Scanpan\Scanpan (7.1.2015)\Development\SCANPAN Internal CodeBase\src\page ext factbox\SalesLineFactBox.PageExt.al", "AL", 0, 0, 51, 0, 0, 0, 0, 10, 8, 69
"c:\Users\jh\OneDrive - Scanpan\Scanpan (7.1.2015)\Development\SCANPAN Internal CodeBase\src\page ext\BankAccountLedgerEntriesExtSC.PageExt.al", "AL", 0, 0, 14, 0, 0, 0, 0, 7, 1, 22
"c:\Users\jh\OneDrive - Scanpan\Scanpan (7.1.2015)\Development\SCANPAN Internal CodeBase\src\page ext\BinContentsExtSC.PageExt.al", "AL", 0, 0, 113, 0, 0, 0, 0, 9, 15, 137
"c:\Users\jh\OneDrive - Scanpan\Scanpan (7.1.2015)\Development\SCANPAN Internal CodeBase\src\page ext\CDOEMailRecipientsExtSC.PageExt.al", "AL", 0, 0, 23, 0, 0, 0, 0, 3, 4, 30
"c:\Users\jh\OneDrive - Scanpan\Scanpan (7.1.2015)\Development\SCANPAN Internal CodeBase\src\page ext\CDOUnhandledPurchaseOrderExtSC.PageExt.al", "AL", 0, 0, 19, 0, 0, 0, 0, 10, 3, 32
"c:\Users\jh\OneDrive - Scanpan\Scanpan (7.1.2015)\Development\SCANPAN Internal CodeBase\src\page ext\CampaignCard.PageExt.al", "AL", 0, 0, 7, 0, 0, 0, 0, 7, 2, 16
"c:\Users\jh\OneDrive - Scanpan\Scanpan (7.1.2015)\Development\SCANPAN Internal CodeBase\src\page ext\CampaignListExtSC.PageExt.al", "AL", 0, 0, 14, 0, 0, 0, 0, 10, 2, 26
"c:\Users\jh\OneDrive - Scanpan\Scanpan (7.1.2015)\Development\SCANPAN Internal CodeBase\src\page ext\CapacityLedgerEntries.PageExt.al", "AL", 0, 0, 19, 0, 0, 0, 0, 3, 6, 28
"c:\Users\jh\OneDrive - Scanpan\Scanpan (7.1.2015)\Development\SCANPAN Internal CodeBase\src\page ext\ChangeLogEntries.PageExt.al", "AL", 0, 0, 19, 0, 0, 0, 0, 3, 5, 27
"c:\Users\jh\OneDrive - Scanpan\Scanpan (7.1.2015)\Development\SCANPAN Internal CodeBase\src\page ext\CountryRegions.PageExt.al", "AL", 0, 0, 24, 0, 0, 0, 0, 4, 5, 33
"c:\Users\jh\OneDrive - Scanpan\Scanpan (7.1.2015)\Development\SCANPAN Internal CodeBase\src\page ext\CustomerCard.PageExt.al", "AL", 0, 0, 34, 0, 0, 0, 0, 30, 11, 75
"c:\Users\jh\OneDrive - Scanpan\Scanpan (7.1.2015)\Development\SCANPAN Internal CodeBase\src\page ext\CustomerList.PageExt.al", "AL", 0, 0, 39, 0, 0, 0, 0, 11, 7, 57
"c:\Users\jh\OneDrive - Scanpan\Scanpan (7.1.2015)\Development\SCANPAN Internal CodeBase\src\page ext\CustomerLookupExtSC.PageExt.al", "AL", 0, 0, 10, 0, 0, 0, 0, 12, 8, 30
"c:\Users\jh\OneDrive - Scanpan\Scanpan (7.1.2015)\Development\SCANPAN Internal CodeBase\src\page ext\DefaultDimensions.PageExt.al", "AL", 0, 0, 13, 0, 0, 0, 0, 2, 3, 18
"c:\Users\jh\OneDrive - Scanpan\Scanpan (7.1.2015)\Development\SCANPAN Internal CodeBase\src\page ext\EmployeeQualifications.PageExt.al", "AL", 0, 0, 14, 0, 0, 0, 0, 0, 12, 26
"c:\Users\jh\OneDrive - Scanpan\Scanpan (7.1.2015)\Development\SCANPAN Internal CodeBase\src\page ext\FinishedProductionOrders.PageExt.al", "AL", 0, 0, 30, 0, 0, 0, 0, 3, 7, 40
"c:\Users\jh\OneDrive - Scanpan\Scanpan (7.1.2015)\Development\SCANPAN Internal CodeBase\src\page ext\FirmPlannedProdOrder.PageExt.al", "AL", 0, 0, 17, 0, 0, 0, 0, 3, 6, 26
"c:\Users\jh\OneDrive - Scanpan\Scanpan (7.1.2015)\Development\SCANPAN Internal CodeBase\src\page ext\FirmPlannedProdOrderLines.PageExt.al", "AL", 0, 0, 19, 0, 0, 0, 0, 0, 6, 25
"c:\Users\jh\OneDrive - Scanpan\Scanpan (7.1.2015)\Development\SCANPAN Internal CodeBase\src\page ext\FirmPlannedProdOrders.PageExt.al", "AL", 0, 0, 14, 0, 0, 0, 0, 3, 5, 22
"c:\Users\jh\OneDrive - Scanpan\Scanpan (7.1.2015)\Development\SCANPAN Internal CodeBase\src\page ext\FixedAssetCard.PageExt.al", "AL", 0, 0, 13, 0, 0, 0, 0, 3, 5, 21
"c:\Users\jh\OneDrive - Scanpan\Scanpan (7.1.2015)\Development\SCANPAN Internal CodeBase\src\page ext\ForNAVReports.PageExt.al", "AL", 0, 0, 7, 0, 0, 0, 0, 9, 5, 21
"c:\Users\jh\OneDrive - Scanpan\Scanpan (7.1.2015)\Development\SCANPAN Internal CodeBase\src\page ext\GeneralJournalExtSC.PageExt.al", "AL", 0, 0, 41, 0, 0, 0, 0, 3, 7, 51
"c:\Users\jh\OneDrive - Scanpan\Scanpan (7.1.2015)\Development\SCANPAN Internal CodeBase\src\page ext\GeneralLedgerEntries.PageExt.al", "AL", 0, 0, 13, 0, 0, 0, 0, 0, 4, 17
"c:\Users\jh\OneDrive - Scanpan\Scanpan (7.1.2015)\Development\SCANPAN Internal CodeBase\src\page ext\GetShipmentLines.PageExt.al", "AL", 0, 0, 26, 0, 0, 0, 0, 9, 11, 46
"c:\Users\jh\OneDrive - Scanpan\Scanpan (7.1.2015)\Development\SCANPAN Internal CodeBase\src\page ext\IDYSTranspOrderLstExtSC.PageExt.al", "AL", 0, 0, 0, 0, 0, 0, 0, 31, 3, 34
"c:\Users\jh\OneDrive - Scanpan\Scanpan (7.1.2015)\Development\SCANPAN Internal CodeBase\src\page ext\IDYSTransportOrderCard.PageExt.al", "AL", 0, 0, 0, 0, 0, 0, 0, 41, 3, 44
"c:\Users\jh\OneDrive - Scanpan\Scanpan (7.1.2015)\Development\SCANPAN Internal CodeBase\src\page ext\IDYSTransportOrderLines.PageExt.al", "AL", 0, 0, 0, 0, 0, 0, 0, 19, 2, 21
"c:\Users\jh\OneDrive - Scanpan\Scanpan (7.1.2015)\Development\SCANPAN Internal CodeBase\src\page ext\ITIIICDocumentLogEntriesExtSC.PageExt.al", "AL", 0, 0, 19, 0, 0, 0, 0, 9, 3, 31
"c:\Users\jh\OneDrive - Scanpan\Scanpan (7.1.2015)\Development\SCANPAN Internal CodeBase\src\page ext\InventorySetup.PageExt.al", "AL", 0, 0, 65, 0, 0, 0, 0, 9, 3, 77
"c:\Users\jh\OneDrive - Scanpan\Scanpan (7.1.2015)\Development\SCANPAN Internal CodeBase\src\page ext\ItemCard.PageExt.al", "AL", 0, 0, 24, 0, 0, 0, 0, 4, 2, 30
"c:\Users\jh\OneDrive - Scanpan\Scanpan (7.1.2015)\Development\SCANPAN Internal CodeBase\src\page ext\ItemCrossReferenceEntries.PageExt.al", "AL", 0, 0, 12, 0, 0, 0, 0, 3, 8, 23
"c:\Users\jh\OneDrive - Scanpan\Scanpan (7.1.2015)\Development\SCANPAN Internal CodeBase\src\page ext\ItemJournalExtSC.PageExt.al", "AL", 0, 0, 23, 0, 0, 0, 0, 9, 5, 37
"c:\Users\jh\OneDrive - Scanpan\Scanpan (7.1.2015)\Development\SCANPAN Internal CodeBase\src\page ext\ItemList.PageExt.al", "AL", 0, 0, 77, 0, 0, 0, 0, 27, 14, 118
"c:\Users\jh\OneDrive - Scanpan\Scanpan (7.1.2015)\Development\SCANPAN Internal CodeBase\src\page ext\ItemLookupExtSC.PageExt.al", "AL", 0, 0, 13, 0, 0, 0, 0, 9, 10, 32
"c:\Users\jh\OneDrive - Scanpan\Scanpan (7.1.2015)\Development\SCANPAN Internal CodeBase\src\page ext\ItemPictureExtSC.PageExt.al", "AL", 0, 0, 24, 0, 0, 0, 0, 10, 5, 39
"c:\Users\jh\OneDrive - Scanpan\Scanpan (7.1.2015)\Development\SCANPAN Internal CodeBase\src\page ext\ItemReclassJournalExtSC.PageExt.al", "AL", 0, 0, 8, 0, 0, 0, 0, 9, 4, 21
"c:\Users\jh\OneDrive - Scanpan\Scanpan (7.1.2015)\Development\SCANPAN Internal CodeBase\src\page ext\ItemReferenceEntries.PageExt.al", "AL", 0, 0, 7, 0, 0, 0, 0, 9, 5, 21
"c:\Users\jh\OneDrive - Scanpan\Scanpan (7.1.2015)\Development\SCANPAN Internal CodeBase\src\page ext\JobQueueEntry.PageExt.al", "AL", 0, 0, 44, 0, 0, 0, 0, 47, 5, 96
"c:\Users\jh\OneDrive - Scanpan\Scanpan (7.1.2015)\Development\SCANPAN Internal CodeBase\src\page ext\MOSLicensePlateContentExtSC.PageExt.al", "AL", 0, 0, 0, 0, 0, 0, 0, 30, 5, 35
"c:\Users\jh\OneDrive - Scanpan\Scanpan (7.1.2015)\Development\SCANPAN Internal CodeBase\src\page ext\MachineCenterTaskList.PageExt.al", "AL", 0, 0, 21, 0, 0, 0, 0, 0, 6, 27
"c:\Users\jh\OneDrive - Scanpan\Scanpan (7.1.2015)\Development\SCANPAN Internal CodeBase\src\page ext\NOTOTransferOrderLinesExtSC.PageExt.al", "AL", 0, 0, 29, 0, 0, 0, 0, 3, 6, 38
"c:\Users\jh\OneDrive - Scanpan\Scanpan (7.1.2015)\Development\SCANPAN Internal CodeBase\src\page ext\OutputJournalExtSC.PageExt.al", "AL", 0, 0, 12, 0, 0, 0, 0, 9, 5, 26
"c:\Users\jh\OneDrive - Scanpan\Scanpan (7.1.2015)\Development\SCANPAN Internal CodeBase\src\page ext\PhysInventoryJournal.PageExt.al", "AL", 0, 0, 54, 0, 0, 0, 0, 9, 12, 75
"c:\Users\jh\OneDrive - Scanpan\Scanpan (7.1.2015)\Development\SCANPAN Internal CodeBase\src\page ext\PlanningWorksheet.PageExt.al", "AL", 0, 0, 62, 0, 0, 0, 0, 3, 9, 74
"c:\Users\jh\OneDrive - Scanpan\Scanpan (7.1.2015)\Development\SCANPAN Internal CodeBase\src\page ext\PostedInvtShipments.PageExt.al", "AL", 0, 0, 4, 0, 0, 0, 0, 3, 4, 11
"c:\Users\jh\OneDrive - Scanpan\Scanpan (7.1.2015)\Development\SCANPAN Internal CodeBase\src\page ext\PostedPurchaseInvoices.PageExt.al", "AL", 0, 0, 27, 0, 0, 0, 0, 3, 4, 34
"c:\Users\jh\OneDrive - Scanpan\Scanpan (7.1.2015)\Development\SCANPAN Internal CodeBase\src\page ext\PostedSalesInvocies.PageExt.al", "AL", 0, 0, 37, 0, 0, 0, 0, 10, 7, 54
"c:\Users\jh\OneDrive - Scanpan\Scanpan (7.1.2015)\Development\SCANPAN Internal CodeBase\src\page ext\PostedSalesInvoice.PageExt.al", "AL", 0, 0, 66, 0, 0, 0, 0, 11, 3, 80
"c:\Users\jh\OneDrive - Scanpan\Scanpan (7.1.2015)\Development\SCANPAN Internal CodeBase\src\page ext\PostedSalesInvoiceSubform.PageExt.al", "AL", 0, 0, 23, 0, 0, 0, 0, 7, 4, 34
"c:\Users\jh\OneDrive - Scanpan\Scanpan (7.1.2015)\Development\SCANPAN Internal CodeBase\src\page ext\PostedSalesShipment.PageExt.al", "AL", 0, 0, 0, 0, 0, 0, 0, 51, 2, 53
"c:\Users\jh\OneDrive - Scanpan\Scanpan (7.1.2015)\Development\SCANPAN Internal CodeBase\src\page ext\PostedSalesShipments.PageExt.al", "AL", 0, 0, 46, 0, 0, 0, 0, 40, 9, 95
"c:\Users\jh\OneDrive - Scanpan\Scanpan (7.1.2015)\Development\SCANPAN Internal CodeBase\src\page ext\PostedSalesShptSubform.PageExt.al", "AL", 0, 0, 15, 0, 0, 0, 0, 6, 7, 28
"c:\Users\jh\OneDrive - Scanpan\Scanpan (7.1.2015)\Development\SCANPAN Internal CodeBase\src\page ext\PostedWhseShipment.PageExt.al", "AL", 0, 0, 16, 0, 0, 0, 0, 8, 7, 31
"c:\Users\jh\OneDrive - Scanpan\Scanpan (7.1.2015)\Development\SCANPAN Internal CodeBase\src\page ext\PostedWhseShipmentList.PageExt.al", "AL", 0, 0, 21, 0, 0, 0, 0, 8, 6, 35
"c:\Users\jh\OneDrive - Scanpan\Scanpan (7.1.2015)\Development\SCANPAN Internal CodeBase\src\page ext\PostedWhseShipmentSubform.PageExt.al", "AL", 0, 0, 15, 0, 0, 0, 0, 6, 9, 30
"c:\Users\jh\OneDrive - Scanpan\Scanpan (7.1.2015)\Development\SCANPAN Internal CodeBase\src\page ext\PriceListLineReview.PageExt.al", "AL", 0, 0, 7, 0, 0, 0, 0, 11, 4, 22
"c:\Users\jh\OneDrive - Scanpan\Scanpan (7.1.2015)\Development\SCANPAN Internal CodeBase\src\page ext\PriceListLinesExtSC.PageExt.al", "AL", 0, 0, 21, 0, 0, 0, 0, 9, 6, 36
"c:\Users\jh\OneDrive - Scanpan\Scanpan (7.1.2015)\Development\SCANPAN Internal CodeBase\src\page ext\ProdBOMWhereUsed.PageExt.al", "AL", 0, 0, 77, 0, 0, 0, 0, 9, 8, 94
"c:\Users\jh\OneDrive - Scanpan\Scanpan (7.1.2015)\Development\SCANPAN Internal CodeBase\src\page ext\ProdOrderCommentSheet.PageExt.al", "AL", 0, 0, 13, 0, 0, 0, 0, 0, 4, 17
"c:\Users\jh\OneDrive - Scanpan\Scanpan (7.1.2015)\Development\SCANPAN Internal CodeBase\src\page ext\ProdOrderComponents.PageExt.al", "AL", 0, 0, 30, 0, 0, 0, 0, 3, 9, 42
"c:\Users\jh\OneDrive - Scanpan\Scanpan (7.1.2015)\Development\SCANPAN Internal CodeBase\src\page ext\ProdOrderLineList.PageExt.al", "AL", 0, 0, 13, 0, 0, 0, 0, 0, 1, 14
"c:\Users\jh\OneDrive - Scanpan\Scanpan (7.1.2015)\Development\SCANPAN Internal CodeBase\src\page ext\ProdOrderRouting.PageExt.al", "AL", 0, 0, 63, 0, 0, 0, 0, 3, 6, 72
"c:\Users\jh\OneDrive - Scanpan\Scanpan (7.1.2015)\Development\SCANPAN Internal CodeBase\src\page ext\ProductionBOMLines.PageExt.al", "AL", 0, 0, 19, 0, 0, 0, 0, 0, 5, 24
"c:\Users\jh\OneDrive - Scanpan\Scanpan (7.1.2015)\Development\SCANPAN Internal CodeBase\src\page ext\ProductionBOMList.PageExt.al", "AL", 0, 0, 19, 0, 0, 0, 0, 3, 3, 25
"c:\Users\jh\OneDrive - Scanpan\Scanpan (7.1.2015)\Development\SCANPAN Internal CodeBase\src\page ext\ProductionJournalExtSC.PageExt.al", "AL", 0, 0, 27, 0, 0, 0, 0, 3, 11, 41
"c:\Users\jh\OneDrive - Scanpan\Scanpan (7.1.2015)\Development\SCANPAN Internal CodeBase\src\page ext\PuhCrMemoSubform.PageExt.al", "AL", 0, 0, 29, 0, 0, 0, 0, 3, 5, 37
"c:\Users\jh\OneDrive - Scanpan\Scanpan (7.1.2015)\Development\SCANPAN Internal CodeBase\src\page ext\PurchInvoiceSubform.PageExt.al", "AL", 0, 0, 52, 0, 0, 0, 0, 3, 4, 59
"c:\Users\jh\OneDrive - Scanpan\Scanpan (7.1.2015)\Development\SCANPAN Internal CodeBase\src\page ext\PurchaseOrder.PageExt.al", "AL", 0, 0, 59, 0, 0, 0, 0, 6, 5, 70
"c:\Users\jh\OneDrive - Scanpan\Scanpan (7.1.2015)\Development\SCANPAN Internal CodeBase\src\page ext\PurchaseOrderListExtSC.PageExt.al", "AL", 0, 0, 25, 0, 0, 0, 0, 3, 10, 38
"c:\Users\jh\OneDrive - Scanpan\Scanpan (7.1.2015)\Development\SCANPAN Internal CodeBase\src\page ext\PurchaseOrderSubform.PageExt.al", "AL", 0, 0, 58, 0, 0, 0, 0, 4, 11, 73
"c:\Users\jh\OneDrive - Scanpan\Scanpan (7.1.2015)\Development\SCANPAN Internal CodeBase\src\page ext\PurchasePriceListLines.PageExt.al", "AL", 0, 0, 11, 0, 0, 0, 0, 3, 7, 21
"c:\Users\jh\OneDrive - Scanpan\Scanpan (7.1.2015)\Development\SCANPAN Internal CodeBase\src\page ext\PurchasePriceListsExtSC.PageExt.al", "AL", 0, 0, 14, 0, 0, 0, 0, 3, 6, 23
"c:\Users\jh\OneDrive - Scanpan\Scanpan (7.1.2015)\Development\SCANPAN Internal CodeBase\src\page ext\ReleasedProdOrderLines.PageExt.al", "AL", 0, 0, 23, 0, 0, 0, 0, 8, 10, 41
"c:\Users\jh\OneDrive - Scanpan\Scanpan (7.1.2015)\Development\SCANPAN Internal CodeBase\src\page ext\ReleasedProductionOrder.PageExt.al", "AL", 0, 0, 30, 0, 0, 0, 0, 11, 9, 50
"c:\Users\jh\OneDrive - Scanpan\Scanpan (7.1.2015)\Development\SCANPAN Internal CodeBase\src\page ext\ReleasedProductionOrders.PageExt.al", "AL", 0, 0, 39, 0, 0, 0, 0, 12, 8, 59
"c:\Users\jh\OneDrive - Scanpan\Scanpan (7.1.2015)\Development\SCANPAN Internal CodeBase\src\page ext\ReqWorksheetExtSC.PageExt.al", "AL", 0, 0, 50, 0, 0, 0, 0, 9, 14, 73
"c:\Users\jh\OneDrive - Scanpan\Scanpan (7.1.2015)\Development\SCANPAN Internal CodeBase\src\page ext\RoutingList.PageExt.al", "AL", 0, 0, 22, 0, 0, 0, 0, 4, 6, 32
"c:\Users\jh\OneDrive - Scanpan\Scanpan (7.1.2015)\Development\SCANPAN Internal CodeBase\src\page ext\RoutingToolsExtSC.PageExt.al", "AL", 0, 0, 7, 0, 0, 0, 0, 9, 2, 18
"c:\Users\jh\OneDrive - Scanpan\Scanpan (7.1.2015)\Development\SCANPAN Internal CodeBase\src\page ext\SCANPANRoutingLines.PageExt.al", "AL", 0, 0, 8, 0, 0, 0, 0, 3, 8, 19
"c:\Users\jh\OneDrive - Scanpan\Scanpan (7.1.2015)\Development\SCANPAN Internal CodeBase\src\page ext\SalesCrMemoSubformExt.PageExt.al", "AL", 0, 0, 11, 0, 0, 0, 0, 8, 7, 26
"c:\Users\jh\OneDrive - Scanpan\Scanpan (7.1.2015)\Development\SCANPAN Internal CodeBase\src\page ext\SalesInvoiceSubformExtSC.PageExt.al", "AL", 0, 0, 70, 0, 0, 0, 0, 9, 9, 88
"c:\Users\jh\OneDrive - Scanpan\Scanpan (7.1.2015)\Development\SCANPAN Internal CodeBase\src\page ext\SalesLines.PageExt.al", "AL", 0, 0, 14, 0, 0, 0, 0, 3, 4, 21
"c:\Users\jh\OneDrive - Scanpan\Scanpan (7.1.2015)\Development\SCANPAN Internal CodeBase\src\page ext\SalesOrder.PageExt.al", "AL", 0, 0, 105, 0, 0, 0, 0, 21, 16, 142
"c:\Users\jh\OneDrive - Scanpan\Scanpan (7.1.2015)\Development\SCANPAN Internal CodeBase\src\page ext\SalesOrderList.PageExt.al", "AL", 0, 0, 62, 0, 0, 0, 0, 15, 23, 100
"c:\Users\jh\OneDrive - Scanpan\Scanpan (7.1.2015)\Development\SCANPAN Internal CodeBase\src\page ext\SalesOrderSubform.PageExt.al", "AL", 0, 0, 126, 0, 0, 0, 0, 99, 28, 253
"c:\Users\jh\OneDrive - Scanpan\Scanpan (7.1.2015)\Development\SCANPAN Internal CodeBase\src\page ext\SalesOrders.PageExt.al", "AL", 0, 0, 14, 0, 0, 0, 0, 5, 3, 22
"c:\Users\jh\OneDrive - Scanpan\Scanpan (7.1.2015)\Development\SCANPAN Internal CodeBase\src\page ext\SalesPriceListsExtSC.PageExt.al", "AL", 0, 0, 54, 0, 0, 0, 0, 24, 10, 88
"c:\Users\jh\OneDrive - Scanpan\Scanpan (7.1.2015)\Development\SCANPAN Internal CodeBase\src\page ext\SalesReturnOrder.PageExt.al", "AL", 0, 0, 17, 0, 0, 0, 0, 7, 0, 24
"c:\Users\jh\OneDrive - Scanpan\Scanpan (7.1.2015)\Development\SCANPAN Internal CodeBase\src\page ext\ShopCalendarHolidays.PageExt.al", "AL", 0, 0, 15, 0, 0, 0, 0, 3, 7, 25
"c:\Users\jh\OneDrive - Scanpan\Scanpan (7.1.2015)\Development\SCANPAN Internal CodeBase\src\page ext\StockkeepingUnitListExtSC.PageExt.al", "AL", 0, 0, 35, 0, 0, 0, 0, 3, 5, 43
"c:\Users\jh\OneDrive - Scanpan\Scanpan (7.1.2015)\Development\SCANPAN Internal CodeBase\src\page ext\TariffNumbers.PageExt.al", "AL", 0, 0, 13, 0, 0, 0, 0, 6, 4, 23
"c:\Users\jh\OneDrive - Scanpan\Scanpan (7.1.2015)\Development\SCANPAN Internal CodeBase\src\page ext\TransferOrderSubformExtSC.PageExt.al", "AL", 0, 0, 16, 0, 0, 0, 0, 3, 7, 26
"c:\Users\jh\OneDrive - Scanpan\Scanpan (7.1.2015)\Development\SCANPAN Internal CodeBase\src\page ext\TransferOrders.PageExt.al", "AL", 0, 0, 14, 0, 0, 0, 0, 3, 5, 22
"c:\Users\jh\OneDrive - Scanpan\Scanpan (7.1.2015)\Development\SCANPAN Internal CodeBase\src\page ext\TransportOrderLineSub.PageExt.al", "AL", 0, 0, 0, 0, 0, 0, 0, 28, 5, 33
"c:\Users\jh\OneDrive - Scanpan\Scanpan (7.1.2015)\Development\SCANPAN Internal CodeBase\src\page ext\UserSetup.PageExt.al", "AL", 0, 0, 13, 0, 0, 0, 0, 8, 6, 27
"c:\Users\jh\OneDrive - Scanpan\Scanpan (7.1.2015)\Development\SCANPAN Internal CodeBase\src\page ext\ValueEntries.PageExt.al", "AL", 0, 0, 14, 0, 0, 0, 0, 3, 5, 22
"c:\Users\jh\OneDrive - Scanpan\Scanpan (7.1.2015)\Development\SCANPAN Internal CodeBase\src\page ext\VendorCardExtSC.PageExt.al", "AL", 0, 0, 9, 0, 0, 0, 0, 9, 6, 24
"c:\Users\jh\OneDrive - Scanpan\Scanpan (7.1.2015)\Development\SCANPAN Internal CodeBase\src\page ext\VendorList.PageExt.al", "AL", 0, 0, 24, 0, 0, 0, 0, 4, 5, 33
"c:\Users\jh\OneDrive - Scanpan\Scanpan (7.1.2015)\Development\SCANPAN Internal CodeBase\src\page ext\WarehouseEmployee.PageExt.al", "AL", 0, 0, 13, 0, 0, 0, 0, 0, 8, 21
"c:\Users\jh\OneDrive - Scanpan\Scanpan (7.1.2015)\Development\SCANPAN Internal CodeBase\src\page ext\WarehousePicks.PageExt.al", "AL", 0, 0, 48, 0, 0, 0, 0, 9, 7, 64
"c:\Users\jh\OneDrive - Scanpan\Scanpan (7.1.2015)\Development\SCANPAN Internal CodeBase\src\page ext\WarehouseShipmentExtSC.PageExt.al", "AL", 0, 0, 15, 0, 0, 0, 0, 18, 5, 38
"c:\Users\jh\OneDrive - Scanpan\Scanpan (7.1.2015)\Development\SCANPAN Internal CodeBase\src\page ext\WarehouseShipmentListExtSC.PageExt.al", "AL", 0, 0, 37, 0, 0, 0, 0, 10, 8, 55
"c:\Users\jh\OneDrive - Scanpan\Scanpan (7.1.2015)\Development\SCANPAN Internal CodeBase\src\page ext\WhseShipmentLineExtSC.PageExt.al", "AL", 0, 0, 7, 0, 0, 0, 0, 7, 4, 18
"c:\Users\jh\OneDrive - Scanpan\Scanpan (7.1.2015)\Development\SCANPAN Internal CodeBase\src\page ext\WhseShipmentSubformExtSC.PageExt.al", "AL", 0, 0, 19, 0, 0, 0, 0, 9, 2, 30
"c:\Users\jh\OneDrive - Scanpan\Scanpan (7.1.2015)\Development\SCANPAN Internal CodeBase\src\page part\ChartCustomerTopX.Page.al", "AL", 0, 0, 47, 0, 0, 0, 0, 9, 13, 69
"c:\Users\jh\OneDrive - Scanpan\Scanpan (7.1.2015)\Development\SCANPAN Internal CodeBase\src\page part\IICBufferStatusPart.Page.al", "AL", 0, 0, 119, 0, 0, 0, 0, 6, 19, 144
"c:\Users\jh\OneDrive - Scanpan\Scanpan (7.1.2015)\Development\SCANPAN Internal CodeBase\src\page part\ScanpanCardPart.Page.al", "AL", 0, 0, 247, 0, 0, 0, 0, 23, 45, 315
"c:\Users\jh\OneDrive - Scanpan\Scanpan (7.1.2015)\Development\SCANPAN Internal CodeBase\src\page part\TEST BalanceByCustomer\BalanceByCustomerChart.page.al", "AL", 0, 0, 0, 0, 0, 0, 0, 0, 1, 1
"c:\Users\jh\OneDrive - Scanpan\Scanpan (7.1.2015)\Development\SCANPAN Internal CodeBase\src\page part\TEST BalanceByCustomer\BalanceByCustomerChartMgt.Codeunit.al", "AL", 0, 0, 0, 0, 0, 0, 0, 0, 1, 1
"c:\Users\jh\OneDrive - Scanpan\Scanpan (7.1.2015)\Development\SCANPAN Internal CodeBase\src\page part\TEST BalanceByCustomer\BalanceByCustomerChartSetup.table.al", "AL", 0, 0, 0, 0, 0, 0, 0, 0, 1, 1
"c:\Users\jh\OneDrive - Scanpan\Scanpan (7.1.2015)\Development\SCANPAN Internal CodeBase\src\page part\TEST BalanceByCustomer\BalanceByCustomerSetup.page.al", "AL", 0, 0, 0, 0, 0, 0, 0, 0, 1, 1
"c:\Users\jh\OneDrive - Scanpan\Scanpan (7.1.2015)\Development\SCANPAN Internal CodeBase\src\page role\AccountingManagerRoleCenter.PageExt.al", "AL", 0, 0, 13, 0, 0, 0, 0, 3, 4, 20
"c:\Users\jh\OneDrive - Scanpan\Scanpan (7.1.2015)\Development\SCANPAN Internal CodeBase\src\page role\AdminRoleCenterExtSC.PageExt.al", "AL", 0, 0, 84, 0, 0, 0, 0, 21, 5, 110
"c:\Users\jh\OneDrive - Scanpan\Scanpan (7.1.2015)\Development\SCANPAN Internal CodeBase\src\page role\ExtSalesRoleCenter.Page.al", "AL", 0, 0, 61, 0, 0, 0, 0, 10, 20, 91
"c:\Users\jh\OneDrive - Scanpan\Scanpan (7.1.2015)\Development\SCANPAN Internal CodeBase\src\page role\OrderProcessorRoleCenter.PageExt.al", "AL", 0, 0, 166, 0, 0, 0, 0, 12, 8, 186
"c:\Users\jh\OneDrive - Scanpan\Scanpan (7.1.2015)\Development\SCANPAN Internal CodeBase\src\page role\ProdPlannerRoleCenterExtSC.PageExt.al", "AL", 0, 0, 49, 0, 0, 0, 0, 10, 8, 67
"c:\Users\jh\OneDrive - Scanpan\Scanpan (7.1.2015)\Development\SCANPAN Internal CodeBase\src\page role\WhseWorkerWMSRoleCenterExtSC.PageExt.al", "AL", 0, 0, 139, 0, 0, 0, 0, 24, 19, 182
"c:\Users\jh\OneDrive - Scanpan\Scanpan (7.1.2015)\Development\SCANPAN Internal CodeBase\src\page\Addresses.Page.al", "AL", 0, 0, 194, 0, 0, 0, 0, 8, 7, 209
"c:\Users\jh\OneDrive - Scanpan\Scanpan (7.1.2015)\Development\SCANPAN Internal CodeBase\src\page\BCLICENSEINFORMATIONSC.Page.al", "AL", 0, 0, 53, 0, 0, 0, 0, 14, 6, 73
"c:\Users\jh\OneDrive - Scanpan\Scanpan (7.1.2015)\Development\SCANPAN Internal CodeBase\src\page\BCLICENSEPERMISSIONSC.Page.al", "AL", 0, 0, 83, 0, 0, 0, 0, 3, 7, 93
"c:\Users\jh\OneDrive - Scanpan\Scanpan (7.1.2015)\Development\SCANPAN Internal CodeBase\src\page\CDOEMailRecipient.Page.al", "AL", 0, 0, 154, 0, 0, 0, 0, 3, 21, 178
"c:\Users\jh\OneDrive - Scanpan\Scanpan (7.1.2015)\Development\SCANPAN Internal CodeBase\src\page\CampaignSales.Page.al", "AL", 0, 0, 255, 0, 0, 0, 0, 54, 23, 332
"c:\Users\jh\OneDrive - Scanpan\Scanpan (7.1.2015)\Development\SCANPAN Internal CodeBase\src\page\CreateMultipleBarcodes.Page.al", "AL", 0, 0, 108, 0, 0, 0, 0, 9, 9, 126
"c:\Users\jh\OneDrive - Scanpan\Scanpan (7.1.2015)\Development\SCANPAN Internal CodeBase\src\page\DSVAPI.Page.al", "AL", 0, 0, 30, 0, 0, 0, 0, 6, 10, 46
"c:\Users\jh\OneDrive - Scanpan\Scanpan (7.1.2015)\Development\SCANPAN Internal CodeBase\src\page\ExtSalesCustomerSales.Page.al", "AL", 0, 0, 133, 0, 0, 0, 0, 8, 10, 151
"c:\Users\jh\OneDrive - Scanpan\Scanpan (7.1.2015)\Development\SCANPAN Internal CodeBase\src\page\ExtSalesItemListSC.Page.al", "AL", 0, 0, 172, 0, 0, 0, 0, 9, 11, 192
"c:\Users\jh\OneDrive - Scanpan\Scanpan (7.1.2015)\Development\SCANPAN Internal CodeBase\src\page\ExtSalesLinesSC.Page.al", "AL", 0, 0, 438, 0, 0, 0, 0, 36, 32, 506
"c:\Users\jh\OneDrive - Scanpan\Scanpan (7.1.2015)\Development\SCANPAN Internal CodeBase\src\page\ExtSalesMapSalespersonSC.Page.al", "AL", 0, 0, 35, 0, 0, 0, 0, 9, 10, 54
"c:\Users\jh\OneDrive - Scanpan\Scanpan (7.1.2015)\Development\SCANPAN Internal CodeBase\src\page\FieldPage.Page.al", "AL", 0, 0, 30, 0, 0, 0, 0, 8, 2, 40
"c:\Users\jh\OneDrive - Scanpan\Scanpan (7.1.2015)\Development\SCANPAN Internal CodeBase\src\page\IICTrackingBC.Page.al", "AL", 0, 0, 110, 0, 0, 0, 0, 10, 24, 144
"c:\Users\jh\OneDrive - Scanpan\Scanpan (7.1.2015)\Development\SCANPAN Internal CodeBase\src\page\InventoryJournalStatusSC.Page.al", "AL", 0, 0, 245, 0, 0, 0, 0, 15, 55, 315
"c:\Users\jh\OneDrive - Scanpan\Scanpan (7.1.2015)\Development\SCANPAN Internal CodeBase\src\page\InventoryMapShelfNoSC.Page.al", "AL", 0, 0, 31, 0, 0, 0, 0, 10, 2, 43
"c:\Users\jh\OneDrive - Scanpan\Scanpan (7.1.2015)\Development\SCANPAN Internal CodeBase\src\page\InventoryRessources.Page.al", "AL", 0, 0, 25, 0, 0, 0, 0, 10, 7, 42
"c:\Users\jh\OneDrive - Scanpan\Scanpan (7.1.2015)\Development\SCANPAN Internal CodeBase\src\page\MandatoryFieldSetup.Page.al", "AL", 0, 0, 117, 0, 0, 0, 0, 9, 11, 137
"c:\Users\jh\OneDrive - Scanpan\Scanpan (7.1.2015)\Development\SCANPAN Internal CodeBase\src\page\PhysInventoryJournalReplace.Page.al", "AL", 0, 0, 68, 0, 0, 0, 0, 7, 9, 84
"c:\Users\jh\OneDrive - Scanpan\Scanpan (7.1.2015)\Development\SCANPAN Internal CodeBase\src\page\PictureURLDialog.Page.al", "AL", 0, 0, 78, 0, 0, 0, 0, 19, 4, 101
"c:\Users\jh\OneDrive - Scanpan\Scanpan (7.1.2015)\Development\SCANPAN Internal CodeBase\src\page\ProdBomLine.Page.al", "AL", 0, 0, 84, 0, 0, 0, 0, 5, 6, 95
"c:\Users\jh\OneDrive - Scanpan\Scanpan (7.1.2015)\Development\SCANPAN Internal CodeBase\src\page\ProdControlListRoutingLine.Page.al", "AL", 0, 0, 188, 0, 0, 0, 0, 7, 4, 199
"c:\Users\jh\OneDrive - Scanpan\Scanpan (7.1.2015)\Development\SCANPAN Internal CodeBase\src\page\ProdControllingDashboard.Page.al", "AL", 0, 0, 1077, 0, 0, 0, 0, 44, 97, 1218
"c:\Users\jh\OneDrive - Scanpan\Scanpan (7.1.2015)\Development\SCANPAN Internal CodeBase\src\page\ProdControllingItemMap.Page.al", "AL", 0, 0, 31, 0, 0, 0, 0, 6, 14, 51
"c:\Users\jh\OneDrive - Scanpan\Scanpan (7.1.2015)\Development\SCANPAN Internal CodeBase\src\page\ProdControllingPanPlan.Page.al", "AL", 0, 0, 304, 0, 0, 0, 0, 272, 18, 594
"c:\Users\jh\OneDrive - Scanpan\Scanpan (7.1.2015)\Development\SCANPAN Internal CodeBase\src\page\ProdControllingRoutingLine.Page.al", "AL", 0, 0, 339, 0, 0, 0, 0, 23, 24, 386
"c:\Users\jh\OneDrive - Scanpan\Scanpan (7.1.2015)\Development\SCANPAN Internal CodeBase\src\page\ProdDeleteBomComponents.Page.al", "AL", 0, 0, 39, 0, 0, 0, 0, 0, 12, 51
"c:\Users\jh\OneDrive - Scanpan\Scanpan (7.1.2015)\Development\SCANPAN Internal CodeBase\src\page\ProductionControlling.Page.al", "AL", 0, 0, 442, 0, 0, 0, 0, 21, 42, 505
"c:\Users\jh\OneDrive - Scanpan\Scanpan (7.1.2015)\Development\SCANPAN Internal CodeBase\src\page\PurchLines.Page.al", "AL", 0, 0, 129, 0, 0, 0, 0, 6, 5, 140
"c:\Users\jh\OneDrive - Scanpan\Scanpan (7.1.2015)\Development\SCANPAN Internal CodeBase\src\page\SalesBackordersInterCompany.Page.al", "AL", 0, 0, 107, 0, 0, 0, 0, 0, 13, 120
"c:\Users\jh\OneDrive - Scanpan\Scanpan (7.1.2015)\Development\SCANPAN Internal CodeBase\src\page\SalesCommission.Page.al", "AL", 0, 0, 431, 0, 0, 0, 0, 31, 46, 508
"c:\Users\jh\OneDrive - Scanpan\Scanpan (7.1.2015)\Development\SCANPAN Internal CodeBase\src\page\SalesLine.Page.al", "AL", 0, 0, 289, 0, 0, 0, 0, 14, 13, 316
"c:\Users\jh\OneDrive - Scanpan\Scanpan (7.1.2015)\Development\SCANPAN Internal CodeBase\src\page\SalesLine1.Page.al", "AL", 0, 0, 116, 0, 0, 0, 0, 13, 25, 154
"c:\Users\jh\OneDrive - Scanpan\Scanpan (7.1.2015)\Development\SCANPAN Internal CodeBase\src\page\SalesLineSubform.Page.al", "AL", 0, 0, 197, 0, 0, 0, 0, 10, 9, 216
"c:\Users\jh\OneDrive - Scanpan\Scanpan (7.1.2015)\Development\SCANPAN Internal CodeBase\src\page\SalespriceSubPageSC.Page.al", "AL", 0, 0, 279, 0, 0, 0, 0, 43, 61, 383
"c:\Users\jh\OneDrive - Scanpan\Scanpan (7.1.2015)\Development\SCANPAN Internal CodeBase\src\page\SalespricelistCardSC.Page.al", "AL", 0, 0, 206, 0, 0, 0, 0, 45, 19, 270
"c:\Users\jh\OneDrive - Scanpan\Scanpan (7.1.2015)\Development\SCANPAN Internal CodeBase\src\page\ScanpanAPISetup.Page.al", "AL", 0, 0, 55, 0, 0, 0, 0, 6, 12, 73
"c:\Users\jh\OneDrive - Scanpan\Scanpan (7.1.2015)\Development\SCANPAN Internal CodeBase\src\page\ScanpanSetup.Page.al", "AL", 0, 0, 8, 0, 0, 0, 0, 18, 6, 32
"c:\Users\jh\OneDrive - Scanpan\Scanpan (7.1.2015)\Development\SCANPAN Internal CodeBase\src\page\SearchAndReplace.Page.al", "AL", 0, 0, 62, 0, 0, 0, 0, 4, 15, 81
"c:\Users\jh\OneDrive - Scanpan\Scanpan (7.1.2015)\Development\SCANPAN Internal CodeBase\src\page\ShipITdebug.Page.al", "AL", 0, 0, 0, 0, 0, 0, 0, 150, 2, 152
"c:\Users\jh\OneDrive - Scanpan\Scanpan (7.1.2015)\Development\SCANPAN Internal CodeBase\src\page\TestPage.Page.al", "AL", 0, 0, 24, 0, 0, 0, 0, 6, 14, 44
"c:\Users\jh\OneDrive - Scanpan\Scanpan (7.1.2015)\Development\SCANPAN Internal CodeBase\src\page\WMSPickBinBalanceSC.Page.al", "AL", 0, 0, 80, 0, 0, 0, 0, 10, 9, 99
"c:\Users\jh\OneDrive - Scanpan\Scanpan (7.1.2015)\Development\SCANPAN Internal CodeBase\src\page\WebServiceOrderFormCustomer.Page.al", "AL", 0, 0, 45, 0, 0, 0, 0, 20, 3, 68
"c:\Users\jh\OneDrive - Scanpan\Scanpan (7.1.2015)\Development\SCANPAN Internal CodeBase\src\page\WebServiceOrderFormItems.Page.al", "AL", 0, 0, 187, 0, 0, 0, 0, 45, 10, 242
"c:\Users\jh\OneDrive - Scanpan\Scanpan (7.1.2015)\Development\SCANPAN Internal CodeBase\src\page\WebServiceSalesPriceListSource.Page.al", "AL", 0, 0, 186, 0, 0, 0, 0, 9, 14, 209
"c:\Users\jh\OneDrive - Scanpan\Scanpan (7.1.2015)\Development\SCANPAN Internal CodeBase\src\query\AddressesCustomer.Query.al", "AL", 0, 0, 115, 0, 0, 0, 0, 6, 7, 128
"c:\Users\jh\OneDrive - Scanpan\Scanpan (7.1.2015)\Development\SCANPAN Internal CodeBase\src\query\AddressesVendor.Query.al", "AL", 0, 0, 21, 0, 0, 0, 0, 6, 6, 33
"c:\Users\jh\OneDrive - Scanpan\Scanpan (7.1.2015)\Development\SCANPAN Internal CodeBase\src\query\ProdRoutingLinesList.Query.al", "AL", 0, 0, 87, 0, 0, 0, 0, 7, 8, 102
"c:\Users\jh\OneDrive - Scanpan\Scanpan (7.1.2015)\Development\SCANPAN Internal CodeBase\src\query\QuerySalesCreditNote.Query.al", "AL", 0, 0, 80, 0, 0, 0, 0, 6, 4, 90
"c:\Users\jh\OneDrive - Scanpan\Scanpan (7.1.2015)\Development\SCANPAN Internal CodeBase\src\query\QuerySalesInvoice.Query.al", "AL", 0, 0, 84, 0, 0, 0, 0, 6, 4, 94
"c:\Users\jh\OneDrive - Scanpan\Scanpan (7.1.2015)\Development\SCANPAN Internal CodeBase\src\query\SalesOrderFormPriceList.Query.al", "AL", 0, 0, 48, 0, 0, 0, 0, 14, 11, 73
"c:\Users\jh\OneDrive - Scanpan\Scanpan (7.1.2015)\Development\SCANPAN Internal CodeBase\src\report ext\DetailedCalculationExt.ReportExt.al", "AL", 0, 0, 20, 0, 0, 0, 0, 22, 11, 53
"c:\Users\jh\OneDrive - Scanpan\Scanpan (7.1.2015)\Development\SCANPAN Internal CodeBase\src\report\Adresselabel.Report.al", "AL", 0, 0, 461, 0, 0, 0, 0, 7, 60, 528
"c:\Users\jh\OneDrive - Scanpan\Scanpan (7.1.2015)\Development\SCANPAN Internal CodeBase\src\report\CalculateInventory.Report.al", "AL", 0, 0, 849, 0, 0, 0, 0, 1, 118, 968
"c:\Users\jh\OneDrive - Scanpan\Scanpan (7.1.2015)\Development\SCANPAN Internal CodeBase\src\report\CustomsDeclaration.Report.al", "AL", 0, 0, 349, 0, 0, 0, 0, 17, 49, 415
"c:\Users\jh\OneDrive - Scanpan\Scanpan (7.1.2015)\Development\SCANPAN Internal CodeBase\src\report\DebitorAddress.Report.al", "AL", 0, 0, 102, 0, 0, 0, 0, 5, 16, 123
"c:\Users\jh\OneDrive - Scanpan\Scanpan (7.1.2015)\Development\SCANPAN Internal CodeBase\src\report\EmployeeSales.Report.al", "AL", 0, 0, 102, 0, 0, 0, 0, 2, 14, 118
"c:\Users\jh\OneDrive - Scanpan\Scanpan (7.1.2015)\Development\SCANPAN Internal CodeBase\src\report\FakturaVarekoder.Report.al", "AL", 0, 0, 295, 0, 0, 0, 0, 25, 46, 366
"c:\Users\jh\OneDrive - Scanpan\Scanpan (7.1.2015)\Development\SCANPAN Internal CodeBase\src\report\ForNAV50014.Report.al", "AL", 0, 0, 158, 0, 0, 0, 0, 3, 28, 189
"c:\Users\jh\OneDrive - Scanpan\Scanpan (7.1.2015)\Development\SCANPAN Internal CodeBase\src\report\Hyldelabel.Report.al", "AL", 0, 0, 92, 0, 0, 0, 0, 5, 11, 108
"c:\Users\jh\OneDrive - Scanpan\Scanpan (7.1.2015)\Development\SCANPAN Internal CodeBase\src\report\Licenseplate.Report.al", "AL", 0, 0, 154, 0, 0, 0, 0, 8, 26, 188
"c:\Users\jh\OneDrive - Scanpan\Scanpan (7.1.2015)\Development\SCANPAN Internal CodeBase\src\report\Ordrebeholdning.Report.al", "AL", 0, 0, 175, 0, 0, 0, 0, 12, 26, 213
"c:\Users\jh\OneDrive - Scanpan\Scanpan (7.1.2015)\Development\SCANPAN Internal CodeBase\src\report\PallelisteEksport.Report.al", "AL", 0, 0, 0, 0, 0, 0, 0, 225, 0, 225
"c:\Users\jh\OneDrive - Scanpan\Scanpan (7.1.2015)\Development\SCANPAN Internal CodeBase\src\report\PalletShipmentReport.Report.al", "AL", 0, 0, 201, 0, 0, 0, 0, 23, 33, 257
"c:\Users\jh\OneDrive - Scanpan\Scanpan (7.1.2015)\Development\SCANPAN Internal CodeBase\src\report\ProductionControllingPriority.Report.al", "AL", 0, 0, 102, 0, 0, 0, 0, 2, 17, 121
"c:\Users\jh\OneDrive - Scanpan\Scanpan (7.1.2015)\Development\SCANPAN Internal CodeBase\src\report\Salgsprisliste.Report.al", "AL", 0, 0, 532, 0, 0, 0, 0, 45, 91, 668
"c:\Users\jh\OneDrive - Scanpan\Scanpan (7.1.2015)\Development\SCANPAN Internal CodeBase\src\report\ScanpanPallelabel.Report.al", "AL", 0, 0, 381, 0, 0, 0, 0, 37, 55, 473
"c:\Users\jh\OneDrive - Scanpan\Scanpan (7.1.2015)\Development\SCANPAN Internal CodeBase\src\report\Vareenhedsliste.Report.al", "AL", 0, 0, 178, 0, 0, 0, 0, 19, 16, 213
"c:\Users\jh\OneDrive - Scanpan\Scanpan (7.1.2015)\Development\SCANPAN Internal CodeBase\src\report\Varelabel.Report.al", "AL", 0, 0, 252, 0, 0, 0, 0, 5, 33, 290
"c:\Users\jh\OneDrive - Scanpan\Scanpan (7.1.2015)\Development\SCANPAN Internal CodeBase\src\table ext\BinContentTableSC.TableExt.al", "AL", 0, 0, 24, 0, 0, 0, 0, 9, 4, 37
"c:\Users\jh\OneDrive - Scanpan\Scanpan (7.1.2015)\Development\SCANPAN Internal CodeBase\src\table ext\CDOEMailRecipient.TableExt.al", "AL", 0, 0, 27, 0, 0, 0, 0, 0, 6, 33
"c:\Users\jh\OneDrive - Scanpan\Scanpan (7.1.2015)\Development\SCANPAN Internal CodeBase\src\table ext\CapacityLedgerEntry.TableExt.al", "AL", 0, 0, 18, 0, 0, 0, 0, 6, 3, 27
"c:\Users\jh\OneDrive - Scanpan\Scanpan (7.1.2015)\Development\SCANPAN Internal CodeBase\src\table ext\CountryRegion.TableExt.al", "AL", 0, 0, 31, 0, 0, 0, 0, 4, 4, 39
"c:\Users\jh\OneDrive - Scanpan\Scanpan (7.1.2015)\Development\SCANPAN Internal CodeBase\src\table ext\Customers.TableExt.al", "AL", 0, 0, 35, 0, 0, 0, 0, 17, 5, 57
"c:\Users\jh\OneDrive - Scanpan\Scanpan (7.1.2015)\Development\SCANPAN Internal CodeBase\src\table ext\DefaultDimension.TableExt.al", "AL", 0, 0, 17, 0, 0, 0, 0, 3, 8, 28
"c:\Users\jh\OneDrive - Scanpan\Scanpan (7.1.2015)\Development\SCANPAN Internal CodeBase\src\table ext\IDYSTransportOrderLine.TableExt.al", "AL", 0, 0, 0, 0, 0, 0, 0, 39, 3, 42
"c:\Users\jh\OneDrive - Scanpan\Scanpan (7.1.2015)\Development\SCANPAN Internal CodeBase\src\table ext\InventorySetup.TableExt.al", "AL", 0, 0, 22, 0, 0, 0, 0, 12, 7, 41
"c:\Users\jh\OneDrive - Scanpan\Scanpan (7.1.2015)\Development\SCANPAN Internal CodeBase\src\table ext\ItemExt.TableExt.al", "AL", 0, 0, 58, 0, 0, 0, 0, 14, 3, 75
"c:\Users\jh\OneDrive - Scanpan\Scanpan (7.1.2015)\Development\SCANPAN Internal CodeBase\src\table ext\ItemLedgerEntry.TableExt.al", "AL", 0, 0, 11, 0, 0, 0, 0, 9, 0, 20
"c:\Users\jh\OneDrive - Scanpan\Scanpan (7.1.2015)\Development\SCANPAN Internal CodeBase\src\table ext\ItemUnitofMeasureExtSC.TableExt.al", "AL", 0, 0, 3, 0, 0, 0, 0, 3, 1, 7
"c:\Users\jh\OneDrive - Scanpan\Scanpan (7.1.2015)\Development\SCANPAN Internal CodeBase\src\table ext\PostedWhseShipmentHeader.TableExt.al", "AL", 0, 0, 11, 0, 0, 0, 0, 8, 8, 27
"c:\Users\jh\OneDrive - Scanpan\Scanpan (7.1.2015)\Development\SCANPAN Internal CodeBase\src\table ext\PostedWhseShipmentLine.TableExt.al", "AL", 0, 0, 18, 0, 0, 0, 0, 6, 0, 24
"c:\Users\jh\OneDrive - Scanpan\Scanpan (7.1.2015)\Development\SCANPAN Internal CodeBase\src\table ext\ProdOrderLine.TableExt.al", "AL", 0, 0, 36, 0, 0, 0, 0, 7, 1, 44
"c:\Users\jh\OneDrive - Scanpan\Scanpan (7.1.2015)\Development\SCANPAN Internal CodeBase\src\table ext\ProdOrderRoutingLine.TableExt.al", "AL", 0, 0, 16, 0, 0, 0, 0, 14, 9, 39
"c:\Users\jh\OneDrive - Scanpan\Scanpan (7.1.2015)\Development\SCANPAN Internal CodeBase\src\table ext\ProductionOrder.TableExt.al", "AL", 0, 0, 40, 0, 0, 0, 0, 10, 4, 54
"c:\Users\jh\OneDrive - Scanpan\Scanpan (7.1.2015)\Development\SCANPAN Internal CodeBase\src\table ext\PurchInvHeader.TableExt.al", "AL", 0, 0, 15, 0, 0, 0, 0, 6, 6, 27
"c:\Users\jh\OneDrive - Scanpan\Scanpan (7.1.2015)\Development\SCANPAN Internal CodeBase\src\table ext\PurchInvLine.TableExt.al", "AL", 0, 0, 11, 0, 0, 0, 0, 9, 6, 26
"c:\Users\jh\OneDrive - Scanpan\Scanpan (7.1.2015)\Development\SCANPAN Internal CodeBase\src\table ext\PurchaseHeader.TableExt.al", "AL", 0, 0, 19, 0, 0, 0, 0, 6, 9, 34
"c:\Users\jh\OneDrive - Scanpan\Scanpan (7.1.2015)\Development\SCANPAN Internal CodeBase\src\table ext\RoutingLine.TableExt.al", "AL", 0, 0, 10, 0, 0, 0, 0, 6, 0, 16
"c:\Users\jh\OneDrive - Scanpan\Scanpan (7.1.2015)\Development\SCANPAN Internal CodeBase\src\table ext\SalesHeaderSC.TableExt.al", "AL", 0, 0, 14, 0, 0, 0, 0, 9, 0, 23
"c:\Users\jh\OneDrive - Scanpan\Scanpan (7.1.2015)\Development\SCANPAN Internal CodeBase\src\table ext\SalesInvHeader.TableExt.al", "AL", 0, 0, 15, 0, 0, 0, 0, 7, 5, 27
"c:\Users\jh\OneDrive - Scanpan\Scanpan (7.1.2015)\Development\SCANPAN Internal CodeBase\src\table ext\SalesInvoiceLine.TableExt.al", "AL", 0, 0, 13, 0, 0, 0, 0, 6, 2, 21
"c:\Users\jh\OneDrive - Scanpan\Scanpan (7.1.2015)\Development\SCANPAN Internal CodeBase\src\table ext\SalesLine.TableExt.al", "AL", 0, 0, 53, 0, 0, 0, 0, 15, 4, 72
"c:\Users\jh\OneDrive - Scanpan\Scanpan (7.1.2015)\Development\SCANPAN Internal CodeBase\src\table ext\SalesShipmentHeader.TableExt.al", "AL", 0, 0, 18, 0, 0, 0, 0, 10, 3, 31
"c:\Users\jh\OneDrive - Scanpan\Scanpan (7.1.2015)\Development\SCANPAN Internal CodeBase\src\table ext\SalesShipmentLine.TableExt.al", "AL", 0, 0, 43, 0, 0, 0, 0, 13, 2, 58
"c:\Users\jh\OneDrive - Scanpan\Scanpan (7.1.2015)\Development\SCANPAN Internal CodeBase\src\table ext\TariffNumber.TableExt.al", "AL", 0, 0, 11, 0, 0, 0, 0, 6, 6, 23
"c:\Users\jh\OneDrive - Scanpan\Scanpan (7.1.2015)\Development\SCANPAN Internal CodeBase\src\table ext\UserSetup.TableExt.al", "AL", 0, 0, 10, 0, 0, 0, 0, 8, 5, 23
"c:\Users\jh\OneDrive - Scanpan\Scanpan (7.1.2015)\Development\SCANPAN Internal CodeBase\src\table ext\ValueEntry.TableExt.al", "AL", 0, 0, 11, 0, 0, 0, 0, 8, 0, 19
"c:\Users\jh\OneDrive - Scanpan\Scanpan (7.1.2015)\Development\SCANPAN Internal CodeBase\src\table ext\WarehouseEmployee.TableExt.al", "AL", 0, 0, 10, 0, 0, 0, 0, 6, 6, 22
"c:\Users\jh\OneDrive - Scanpan\Scanpan (7.1.2015)\Development\SCANPAN Internal CodeBase\src\table ext\WarehouseShipmentHeaderExtSC.TableExt.al", "AL", 0, 0, 25, 0, 0, 0, 0, 8, 2, 35
"c:\Users\jh\OneDrive - Scanpan\Scanpan (7.1.2015)\Development\SCANPAN Internal CodeBase\src\table\AddressList.Table.al", "AL", 0, 0, 87, 0, 0, 0, 0, 6, 9, 102
"c:\Users\jh\OneDrive - Scanpan\Scanpan (7.1.2015)\Development\SCANPAN Internal CodeBase\src\table\BarCodesTmpSC.Table.al", "AL", 0, 0, 17, 0, 0, 0, 0, 9, 5, 31
"c:\Users\jh\OneDrive - Scanpan\Scanpan (7.1.2015)\Development\SCANPAN Internal CodeBase\src\table\CampaignStatistics.Table.al", "AL", 0, 0, 143, 0, 0, 0, 0, 13, 7, 163
"c:\Users\jh\OneDrive - Scanpan\Scanpan (7.1.2015)\Development\SCANPAN Internal CodeBase\src\table\DocumentLines.Table.al", "AL", 0, 0, 121, 0, 0, 0, 0, 6, 2, 129
"c:\Users\jh\OneDrive - Scanpan\Scanpan (7.1.2015)\Development\SCANPAN Internal CodeBase\src\table\ExtSalesLines.Table.al", "AL", 0, 0, 103, 0, 0, 0, 0, 0, 11, 114
"c:\Users\jh\OneDrive - Scanpan\Scanpan (7.1.2015)\Development\SCANPAN Internal CodeBase\src\table\FieldSelectionTable.Table.al", "AL", 0, 0, 29, 0, 0, 0, 0, 3, 7, 39
"c:\Users\jh\OneDrive - Scanpan\Scanpan (7.1.2015)\Development\SCANPAN Internal CodeBase\src\table\IICTrackingTmpSC.Table.al", "AL", 0, 0, 58, 0, 0, 0, 0, 10, 7, 75
"c:\Users\jh\OneDrive - Scanpan\Scanpan (7.1.2015)\Development\SCANPAN Internal CodeBase\src\table\InventoryJournalStatus.Table.al", "AL", 0, 0, 59, 0, 0, 0, 0, 24, 13, 96
"c:\Users\jh\OneDrive - Scanpan\Scanpan (7.1.2015)\Development\SCANPAN Internal CodeBase\src\table\InventoryMapShelfSC.Table.al", "AL", 0, 0, 23, 0, 0, 0, 0, 10, 8, 41
"c:\Users\jh\OneDrive - Scanpan\Scanpan (7.1.2015)\Development\SCANPAN Internal CodeBase\src\table\InventoryRessourceID.Table.al", "AL", 0, 0, 21, 0, 0, 0, 0, 9, 8, 38
"c:\Users\jh\OneDrive - Scanpan\Scanpan (7.1.2015)\Development\SCANPAN Internal CodeBase\src\table\MandatoryFieldSetup.Table.al", "AL", 0, 0, 120, 0, 0, 0, 0, 24, 14, 158
"c:\Users\jh\OneDrive - Scanpan\Scanpan (7.1.2015)\Development\SCANPAN Internal CodeBase\src\table\MandatoryFieldSetup2.Table.al", "AL", 0, 0, 164, 0, 0, 0, 0, 44, 21, 229
"c:\Users\jh\OneDrive - Scanpan\Scanpan (7.1.2015)\Development\SCANPAN Internal CodeBase\src\table\MapCustomerSalesPerson.Table.al", "AL", 0, 0, 31, 0, 0, 0, 0, 10, 5, 46
"c:\Users\jh\OneDrive - Scanpan\Scanpan (7.1.2015)\Development\SCANPAN Internal CodeBase\src\table\PriceListSourceData.Table.al", "AL", 0, 0, 0, 0, 0, 0, 0, 35, 4, 39
"c:\Users\jh\OneDrive - Scanpan\Scanpan (7.1.2015)\Development\SCANPAN Internal CodeBase\src\table\ProdContllingRoutingLinesTMP.Table.al", "AL", 0, 0, 156, 0, 0, 0, 0, 9, 4, 169
"c:\Users\jh\OneDrive - Scanpan\Scanpan (7.1.2015)\Development\SCANPAN Internal CodeBase\src\table\ProdControllingItemMap.Table.al", "AL", 0, 0, 24, 0, 0, 0, 0, 6, 8, 38
"c:\Users\jh\OneDrive - Scanpan\Scanpan (7.1.2015)\Development\SCANPAN Internal CodeBase\src\table\ProdControllingLinesTMP.Table.al", "AL", 0, 0, 135, 0, 0, 0, 0, 9, 3, 147
"c:\Users\jh\OneDrive - Scanpan\Scanpan (7.1.2015)\Development\SCANPAN Internal CodeBase\src\table\ProdControllingPanPlan.Table.al", "AL", 0, 0, 120, 0, 0, 0, 0, 16, 4, 140
"c:\Users\jh\OneDrive - Scanpan\Scanpan (7.1.2015)\Development\SCANPAN Internal CodeBase\src\table\ProdControllingRoutes.Table.al", "AL", 0, 0, 124, 0, 0, 0, 0, 9, 8, 141
"c:\Users\jh\OneDrive - Scanpan\Scanpan (7.1.2015)\Development\SCANPAN Internal CodeBase\src\table\SalesLineTMP.Table.al", "AL", 0, 0, 154, 0, 0, 0, 0, 13, 7, 174
"c:\Users\jh\OneDrive - Scanpan\Scanpan (7.1.2015)\Development\SCANPAN Internal CodeBase\src\table\SalespriceListTMP.Table.al", "AL", 0, 0, 141, 0, 0, 0, 0, 0, 8, 149
"c:\Users\jh\OneDrive - Scanpan\Scanpan (7.1.2015)\Development\SCANPAN Internal CodeBase\src\table\ScanpanAPISetup.Table.al", "AL", 0, 0, 43, 0, 0, 0, 0, 6, 10, 59
"c:\Users\jh\OneDrive - Scanpan\Scanpan (7.1.2015)\Development\SCANPAN Internal CodeBase\src\table\UserSettingsPage.Table.al", "AL", 0, 0, 103, 0, 0, 0, 0, 6, 21, 130
"c:\Users\jh\OneDrive - Scanpan\Scanpan (7.1.2015)\Development\SCANPAN Internal CodeBase\src\table\VATEntriesBaseAmtSum.Table.al", "AL", 0, 0, 70, 0, 0, 0, 0, 5, 7, 82
"c:\Users\jh\OneDrive - Scanpan\Scanpan (7.1.2015)\Development\SCANPAN Internal CodeBase\src\table\WMSPickBinBalanceTMP.Table.al", "AL", 0, 0, 51, 0, 0, 0, 0, 9, 4, 64
"c:\Users\jh\OneDrive - Scanpan\Scanpan (7.1.2015)\Development\SCANPAN Internal CodeBase\translations\SCANPAN CODEBASE Internal Development.da-DK.xlf", "XML", 0, 0, 0, 0, 0, 12857, 0, 0, 0, 12857
"c:\Users\jh\OneDrive - Scanpan\Scanpan (7.1.2015)\Development\SCANPAN Internal CodeBase\translations\SCANPAN CODEBASE Internal Development.en-GB.xlf", "XML", 0, 0, 0, 0, 0, 12798, 0, 0, 0, 12798
"c:\Users\jh\OneDrive - Scanpan\Scanpan (7.1.2015)\Development\SCANPAN Internal CodeBase\translations\SCANPAN CODEBASE Internal Development.g.xlf", "XML", 0, 0, 0, 0, 0, 10639, 0, 0, 0, 10639
"Total", "-", 1, 872284, 21217, 295, 352, 36294, 11, 4378, 7916, 942748